[
 {
  "__tuple__": true, 
  "items": [
   10000, 
   "\u5706\u5f62\u533a\u57df", 
   4096
  ]
 }, 
 {
  "__tuple__": true, 
  "items": [
   10001, 
   "\u70b9", 
   1024
  ]
 }, 
 {
  "name": "\u8d44\u6e90\u70b9", 
  "key": "eNcvIY37Ee6WLgJQsTNVnc", 
  "group": [
   {
    "__tuple__": true, 
    "items": [
     10033, 
     "\u8349", 
     2048
    ]
   }, 
   {
    "__tuple__": true, 
    "items": [
     10034, 
     "\u6700\u5927", 
     2048
    ]
   }, 
   {
    "__tuple__": true, 
    "items": [
     10035, 
     "\u4e2d", 
     2048
    ]
   }, 
   {
    "__tuple__": true, 
    "items": [
     10036, 
     "\u5c0f", 
     2048
    ]
   }
  ], 
  "btn_visible": false
 }, 
 {
  "name": "\u4e3b\u89d2\u7684bighouse", 
  "key": "5Z7toYrREe6tBQJQsTNVnT", 
  "group": [
   {
    "__tuple__": true, 
    "items": [
     7, 
     "\u7ea2\u8272\u623f\u5c4b", 
     16777216
    ]
   }, 
   {
    "__tuple__": true, 
    "items": [
     8, 
     "\u6805\u680f", 
     16777216
    ]
   }, 
   {
    "__tuple__": true, 
    "items": [
     9, 
     "\u6805\u680f", 
     16777216
    ]
   }, 
   {
    "__tuple__": true, 
    "items": [
     10, 
     "\u6805\u680f", 
     16777216
    ]
   }, 
   {
    "__tuple__": true, 
    "items": [
     11, 
     "\u6805\u680f", 
     16777216
    ]
   }, 
   {
    "__tuple__": true, 
    "items": [
     13, 
     "\u6805\u680f", 
     16777216
    ]
   }, 
   {
    "__tuple__": true, 
    "items": [
     14, 
     "\u6805\u680f", 
     16777216
    ]
   }, 
   {
    "__tuple__": true, 
    "items": [
     15, 
     "\u6805\u680f", 
     16777216
    ]
   }, 
   {
    "__tuple__": true, 
    "items": [
     16, 
     "\u6805\u680f", 
     16777216
    ]
   }, 
   {
    "__tuple__": true, 
    "items": [
     1, 
     "\u82d4\u85d3\u77f3", 
     16777216
    ]
   }, 
   {
    "__tuple__": true, 
    "items": [
     2, 
     "\u6728\u677f", 
     16777216
    ]
   }, 
   {
    "__tuple__": true, 
    "items": [
     3, 
     "\u6728\u677f", 
     16777216
    ]
   }, 
   {
    "__tuple__": true, 
    "items": [
     4, 
     "\u6728\u677f", 
     16777216
    ]
   }, 
   {
    "__tuple__": true, 
    "items": [
     5, 
     "\u4e66", 
     16777216
    ]
   }, 
   {
    "__tuple__": true, 
    "items": [
     6, 
     "\u4e66", 
     16777216
    ]
   }, 
   {
    "__tuple__": true, 
    "items": [
     12, 
     "\u6b66\u5668", 
     16777216
    ]
   }, 
   {
    "__tuple__": true, 
    "items": [
     1, 
     "\u9b54\u6cd5\u7194\u7089", 
     2
    ]
   }, 
   {
    "__tuple__": true, 
    "items": [
     7, 
     "\u706f", 
     2
    ]
   }, 
   {
    "__tuple__": true, 
    "items": [
     17, 
     "\u7816\u5757", 
     16777216
    ]
   }, 
   {
    "__tuple__": true, 
    "items": [
     18, 
     "\u7816\u5757", 
     16777216
    ]
   }, 
   {
    "__tuple__": true, 
    "items": [
     11, 
     "\u6743\u7528\u8def\u6807\u5f53\u4fe1\u7bb1", 
     2
    ]
   }, 
   {
    "__tuple__": true, 
    "items": [
     10003, 
     "spawn", 
     2048
    ]
   }, 
   {
    "__tuple__": true, 
    "items": [
     2, 
     "\u5999\u5999\u5de5\u5177\u7bb1", 
     2
    ]
   }
  ], 
  "btn_visible": false
 }, 
 {
  "name": "\u955c\u5934", 
  "key": "ZHyZcIwlEe677AJQsTNVnU", 
  "group": [
   {
    "__tuple__": true, 
    "items": [
     9999, 
     "\u521d\u59cb\u955c\u5934", 
     32768
    ]
   }, 
   {
    "__tuple__": true, 
    "items": [
     10004, 
     "\u955c\u5934", 
     32768
    ]
   }
  ], 
  "btn_visible": false
 }, 
 {
  "name": "enemy", 
  "key": "cc1prowlEe6dfQJQsTNVnQ", 
  "group": [
   {
    "__tuple__": true, 
    "items": [
     10032, 
     "\u5237\u602a\u70b9", 
     2048
    ]
   }
  ], 
  "btn_visible": false
 }, 
 {
  "name": "light", 
  "key": "QKaZUYwmEe6-WwJQsTNVnU", 
  "group": [
   {
    "__tuple__": true, 
    "items": [
     10024, 
     "\u805a\u5149\u706f", 
     262144
    ]
   }, 
   {
    "__tuple__": true, 
    "items": [
     10026, 
     "\u70b9\u5149\u6e90", 
     131072
    ]
   }
  ], 
  "btn_visible": false
 }, 
 {
  "name": "\u9009\u4eba\u623f\u95f4", 
  "key": "ikOFkYxPEe6yOAJQsTNVnf", 
  "group": [
   {
    "__tuple__": true, 
    "items": [
     121, 
     "\u666f\u89c2\u77f3", 
     16777216
    ]
   }, 
   {
    "__tuple__": true, 
    "items": [
     122, 
     "\u666f\u89c2\u77f3", 
     16777216
    ]
   }, 
   {
    "__tuple__": true, 
    "items": [
     123, 
     "\u666f\u89c2\u77f3", 
     16777216
    ]
   }, 
   {
    "__tuple__": true, 
    "items": [
     125, 
     "\u666f\u89c2\u77f3", 
     16777216
    ]
   }, 
   {
    "__tuple__": true, 
    "items": [
     126, 
     "\u666f\u89c2\u77f3", 
     16777216
    ]
   }, 
   {
    "__tuple__": true, 
    "items": [
     127, 
     "\u666f\u89c2\u77f3", 
     16777216
    ]
   }, 
   {
    "__tuple__": true, 
    "items": [
     129, 
     "\u666f\u89c2\u77f3", 
     16777216
    ]
   }, 
   {
    "__tuple__": true, 
    "items": [
     131, 
     "\u666f\u89c2\u77f3", 
     16777216
    ]
   }, 
   {
    "__tuple__": true, 
    "items": [
     128, 
     "\u666f\u89c2\u77f3", 
     16777216
    ]
   }, 
   {
    "__tuple__": true, 
    "items": [
     130, 
     "\u666f\u89c2\u77f3", 
     16777216
    ]
   }, 
   {
    "__tuple__": true, 
    "items": [
     132, 
     "\u666f\u89c2\u77f3", 
     16777216
    ]
   }, 
   {
    "__tuple__": true, 
    "items": [
     135, 
     "\u666f\u89c2\u77f3", 
     16777216
    ]
   }, 
   {
    "__tuple__": true, 
    "items": [
     133, 
     "\u666f\u89c2\u77f3", 
     16777216
    ]
   }, 
   {
    "__tuple__": true, 
    "items": [
     134, 
     "\u666f\u89c2\u77f3", 
     16777216
    ]
   }, 
   {
    "__tuple__": true, 
    "items": [
     136, 
     "\u666f\u89c2\u77f3", 
     16777216
    ]
   }, 
   {
    "__tuple__": true, 
    "items": [
     137, 
     "\u666f\u89c2\u77f3", 
     16777216
    ]
   }, 
   {
    "__tuple__": true, 
    "items": [
     139, 
     "\u666f\u89c2\u77f3", 
     16777216
    ]
   }, 
   {
    "__tuple__": true, 
    "items": [
     141, 
     "\u666f\u89c2\u77f3", 
     16777216
    ]
   }, 
   {
    "__tuple__": true, 
    "items": [
     144, 
     "\u666f\u89c2\u77f3", 
     16777216
    ]
   }, 
   {
    "__tuple__": true, 
    "items": [
     145, 
     "\u666f\u89c2\u77f3", 
     16777216
    ]
   }, 
   {
    "__tuple__": true, 
    "items": [
     147, 
     "\u666f\u89c2\u77f3", 
     16777216
    ]
   }, 
   {
    "__tuple__": true, 
    "items": [
     150, 
     "\u666f\u89c2\u77f3", 
     16777216
    ]
   }, 
   {
    "__tuple__": true, 
    "items": [
     138, 
     "\u666f\u89c2\u77f3", 
     16777216
    ]
   }, 
   {
    "__tuple__": true, 
    "items": [
     140, 
     "\u666f\u89c2\u77f3", 
     16777216
    ]
   }, 
   {
    "__tuple__": true, 
    "items": [
     143, 
     "\u666f\u89c2\u77f3", 
     16777216
    ]
   }, 
   {
    "__tuple__": true, 
    "items": [
     148, 
     "\u666f\u89c2\u77f3", 
     16777216
    ]
   }, 
   {
    "__tuple__": true, 
    "items": [
     149, 
     "\u666f\u89c2\u77f3", 
     16777216
    ]
   }, 
   {
    "__tuple__": true, 
    "items": [
     146, 
     "\u666f\u89c2\u77f3", 
     16777216
    ]
   }, 
   {
    "__tuple__": true, 
    "items": [
     142, 
     "\u666f\u89c2\u77f3", 
     16777216
    ]
   }, 
   {
    "__tuple__": true, 
    "items": [
     151, 
     "\u666f\u89c2\u77f3", 
     16777216
    ]
   }, 
   {
    "__tuple__": true, 
    "items": [
     152, 
     "\u666f\u89c2\u77f3", 
     16777216
    ]
   }, 
   {
    "__tuple__": true, 
    "items": [
     124, 
     "\u666f\u89c2\u77f3", 
     16777216
    ]
   }, 
   {
    "__tuple__": true, 
    "items": [
     153, 
     "\u666f\u89c2\u77f3", 
     16777216
    ]
   }, 
   {
    "__tuple__": true, 
    "items": [
     154, 
     "\u666f\u89c2\u77f3", 
     16777216
    ]
   }, 
   {
    "__tuple__": true, 
    "items": [
     155, 
     "\u666f\u89c2\u77f3", 
     16777216
    ]
   }, 
   {
    "__tuple__": true, 
    "items": [
     156, 
     "\u666f\u89c2\u77f3", 
     16777216
    ]
   }, 
   {
    "__tuple__": true, 
    "items": [
     157, 
     "\u666f\u89c2\u77f3", 
     16777216
    ]
   }, 
   {
    "__tuple__": true, 
    "items": [
     158, 
     "\u666f\u89c2\u77f3", 
     16777216
    ]
   }, 
   {
    "__tuple__": true, 
    "items": [
     159, 
     "\u666f\u89c2\u77f3", 
     16777216
    ]
   }, 
   {
    "__tuple__": true, 
    "items": [
     160, 
     "\u666f\u89c2\u77f3", 
     16777216
    ]
   }, 
   {
    "__tuple__": true, 
    "items": [
     161, 
     "\u666f\u89c2\u77f3", 
     16777216
    ]
   }, 
   {
    "__tuple__": true, 
    "items": [
     162, 
     "\u666f\u89c2\u77f3", 
     16777216
    ]
   }, 
   {
    "__tuple__": true, 
    "items": [
     163, 
     "\u666f\u89c2\u77f3", 
     16777216
    ]
   }, 
   {
    "__tuple__": true, 
    "items": [
     164, 
     "\u666f\u89c2\u77f3", 
     16777216
    ]
   }, 
   {
    "__tuple__": true, 
    "items": [
     165, 
     "\u666f\u89c2\u77f3", 
     16777216
    ]
   }, 
   {
    "__tuple__": true, 
    "items": [
     166, 
     "\u666f\u89c2\u77f3", 
     16777216
    ]
   }, 
   {
    "__tuple__": true, 
    "items": [
     167, 
     "\u666f\u89c2\u77f3", 
     16777216
    ]
   }, 
   {
    "__tuple__": true, 
    "items": [
     168, 
     "\u666f\u89c2\u77f3", 
     16777216
    ]
   }, 
   {
    "__tuple__": true, 
    "items": [
     169, 
     "\u666f\u89c2\u77f3", 
     16777216
    ]
   }, 
   {
    "__tuple__": true, 
    "items": [
     173, 
     "\u666f\u89c2\u77f3", 
     16777216
    ]
   }, 
   {
    "__tuple__": true, 
    "items": [
     174, 
     "\u666f\u89c2\u77f3", 
     16777216
    ]
   }, 
   {
    "__tuple__": true, 
    "items": [
     204, 
     "\u666f\u89c2\u77f3", 
     16777216
    ]
   }, 
   {
    "__tuple__": true, 
    "items": [
     203, 
     "\u666f\u89c2\u77f3", 
     16777216
    ]
   }, 
   {
    "__tuple__": true, 
    "items": [
     200, 
     "\u666f\u89c2\u77f3", 
     16777216
    ]
   }, 
   {
    "__tuple__": true, 
    "items": [
     199, 
     "\u666f\u89c2\u77f3", 
     16777216
    ]
   }, 
   {
    "__tuple__": true, 
    "items": [
     202, 
     "\u666f\u89c2\u77f3", 
     16777216
    ]
   }, 
   {
    "__tuple__": true, 
    "items": [
     198, 
     "\u666f\u89c2\u77f3", 
     16777216
    ]
   }, 
   {
    "__tuple__": true, 
    "items": [
     196, 
     "\u666f\u89c2\u77f3", 
     16777216
    ]
   }, 
   {
    "__tuple__": true, 
    "items": [
     195, 
     "\u666f\u89c2\u77f3", 
     16777216
    ]
   }, 
   {
    "__tuple__": true, 
    "items": [
     193, 
     "\u666f\u89c2\u77f3", 
     16777216
    ]
   }, 
   {
    "__tuple__": true, 
    "items": [
     190, 
     "\u666f\u89c2\u77f3", 
     16777216
    ]
   }, 
   {
    "__tuple__": true, 
    "items": [
     189, 
     "\u666f\u89c2\u77f3", 
     16777216
    ]
   }, 
   {
    "__tuple__": true, 
    "items": [
     188, 
     "\u666f\u89c2\u77f3", 
     16777216
    ]
   }, 
   {
    "__tuple__": true, 
    "items": [
     187, 
     "\u666f\u89c2\u77f3", 
     16777216
    ]
   }, 
   {
    "__tuple__": true, 
    "items": [
     186, 
     "\u666f\u89c2\u77f3", 
     16777216
    ]
   }, 
   {
    "__tuple__": true, 
    "items": [
     184, 
     "\u666f\u89c2\u77f3", 
     16777216
    ]
   }, 
   {
    "__tuple__": true, 
    "items": [
     182, 
     "\u666f\u89c2\u77f3", 
     16777216
    ]
   }, 
   {
    "__tuple__": true, 
    "items": [
     181, 
     "\u666f\u89c2\u77f3", 
     16777216
    ]
   }, 
   {
    "__tuple__": true, 
    "items": [
     180, 
     "\u666f\u89c2\u77f3", 
     16777216
    ]
   }, 
   {
    "__tuple__": true, 
    "items": [
     179, 
     "\u666f\u89c2\u77f3", 
     16777216
    ]
   }, 
   {
    "__tuple__": true, 
    "items": [
     177, 
     "\u666f\u89c2\u77f3", 
     16777216
    ]
   }, 
   {
    "__tuple__": true, 
    "items": [
     176, 
     "\u666f\u89c2\u77f3", 
     16777216
    ]
   }, 
   {
    "__tuple__": true, 
    "items": [
     175, 
     "\u666f\u89c2\u77f3", 
     16777216
    ]
   }, 
   {
    "__tuple__": true, 
    "items": [
     178, 
     "\u666f\u89c2\u77f3", 
     16777216
    ]
   }, 
   {
    "__tuple__": true, 
    "items": [
     183, 
     "\u666f\u89c2\u77f3", 
     16777216
    ]
   }, 
   {
    "__tuple__": true, 
    "items": [
     185, 
     "\u666f\u89c2\u77f3", 
     16777216
    ]
   }, 
   {
    "__tuple__": true, 
    "items": [
     191, 
     "\u666f\u89c2\u77f3", 
     16777216
    ]
   }, 
   {
    "__tuple__": true, 
    "items": [
     192, 
     "\u666f\u89c2\u77f3", 
     16777216
    ]
   }, 
   {
    "__tuple__": true, 
    "items": [
     194, 
     "\u666f\u89c2\u77f3", 
     16777216
    ]
   }, 
   {
    "__tuple__": true, 
    "items": [
     197, 
     "\u666f\u89c2\u77f3", 
     16777216
    ]
   }, 
   {
    "__tuple__": true, 
    "items": [
     10029, 
     "\u805a\u5149\u706f", 
     262144
    ]
   }, 
   {
    "__tuple__": true, 
    "items": [
     10028, 
     "\u70b9", 
     1024
    ]
   }
  ], 
  "btn_visible": false
 }, 
 {
  "__tuple__": true, 
  "items": [
   10031, 
   "\u70b9", 
   1024
  ]
 }
]