{
    "ability_break_cast_range": {
        "__tuple__": true, 
        "items": [
            "50"
        ]
    }, 
    "ability_bw_point": 0.0, 
    "ability_cast_point": 0.0, 
    "ability_cast_range": {
        "__tuple__": true, 
        "items": [
            "10.0"
        ]
    }, 
    "ability_cast_type": 2, 
    "ability_channel_time": 0.0, 
    "ability_cost": {
        "__tuple__": true, 
        "items": [
            " 100"
        ]
    }, 
    "ability_damage": {
        "__tuple__": true, 
        "items": [
            "5"
        ]
    }, 
    "ability_damage_range": {
        "__tuple__": true, 
        "items": [
            "0.0"
        ]
    }, 
    "ability_hp_cost": {
        "__tuple__": true, 
        "items": [
            "0"
        ]
    }, 
    "ability_icon": 106920, 
    "ability_max_level": 3, 
    "ability_max_stack_count": {
        "__tuple__": true, 
        "items": [
            "0"
        ]
    }, 
    "ability_prepare_time": 0.0, 
    "ability_stack_cd": {
        "__tuple__": true, 
        "items": [
            "0"
        ]
    }, 
    "arrow_length": {
        "__tuple__": true, 
        "items": [
            "5"
        ]
    }, 
    "arrow_width": {
        "__tuple__": true, 
        "items": [
            "2"
        ]
    }, 
    "auto_pick": true, 
    "bs_sfx_list": {
        "__tuple__": true, 
        "items": []
    }, 
    "bs_sound_effect": {
        "__tuple__": true, 
        "items": []
    }, 
    "build_list": {
        "__tuple__": true, 
        "items": []
    }, 
    "build_rotate": 0, 
    "building_attack_range_sfx": 0, 
    "camp_priority_enemy": 0, 
    "camp_priority_friend": 0, 
    "camp_priority_neutral": 0, 
    "camp_priority_self": 0, 
    "can_bs_interrupt": true, 
    "can_cache": true, 
    "can_cast_interrupt": true, 
    "can_cast_when_hp_insufficient": false, 
    "can_cost_hp": false, 
    "can_interrupt_others": true, 
    "can_prepare_interrupt": true, 
    "can_ps_interrupt": false, 
    "circle_radius": {
        "__tuple__": true, 
        "items": [
            "5"
        ]
    }, 
    "cold_down_time": {
        "__tuple__": true, 
        "items": [
            " 110-(10*ability_level)"
        ]
    }, 
    "collection_animation": "", 
    "collection_animation_loop": true, 
    "collection_continuously": true, 
    "collection_destructible_tags": {
        "__tuple__": true, 
        "items": []
    }, 
    "cost_hp_can_die": false, 
    "cst_sfx_list": {
        "__tuple__": true, 
        "items": []
    }, 
    "cst_sound_effect": {
        "__tuple__": true, 
        "items": []
    }, 
    "description": 871789517, 
    "end_sfx_list": {
        "__tuple__": true, 
        "items": []
    }, 
    "end_sound_effect": {
        "__tuple__": true, 
        "items": []
    }, 
    "filter_condition_camp": 5, 
    "filter_condition_type": 7, 
    "filter_item_tags": {
        "__tuple__": true, 
        "items": []
    }, 
    "filter_unit_tags": {
        "__tuple__": true, 
        "items": []
    }, 
    "hit_sfx_list": {
        "__tuple__": true, 
        "items": []
    }, 
    "hit_sound_effect": {
        "__tuple__": true, 
        "items": []
    }, 
    "influenced_by_cd_reduce": true, 
    "influenced_by_move": false, 
    "is_autocast": false, 
    "is_charge_ability": false, 
    "is_immediate": false, 
    "is_meele": false, 
    "key": 134221582, 
    "kv": {
        "shortdec": {
            "annotation": "", 
            "desc": "", 
            "etype": 0, 
            "key": "shortdec", 
            "prop_cls": "PText", 
            "remark": "", 
            "type": 0, 
            "value": "\u77ed\u6682\u514d\u75ab\u4e00\u5207\u63a7\u5236\u6548\u679c\uff0c\u5e76\u63d0\u9ad8\u653b\u51fb\u901f\u5ea6\u3001\u62a4\u7532\u548c\u9b54\u6cd5\u6297\u6027\u3002"
        }, 
        "\u6297\u6027\u63d0\u9ad8\u503c": {
            "annotation": "", 
            "desc": "", 
            "etype": 2, 
            "key": "\u6297\u6027\u63d0\u9ad8\u503c", 
            "prop_cls": "PInt", 
            "remark": "", 
            "type": 24, 
            "value": [
                "lambda unit: Fix32(10)*Fix32(unit.ability_level) + Fix32(10)", 
                [
                    [
                        "level"
                    ]
                ], 
                "lambda unit: Fix32(10)*Fix32(unit.ability_level) + Fix32(10)", 
                {
                    "ability.cur_ability.ability_level": {
                        "is_cm": false
                    }
                }, 
                [
                    [
                        "ability", 
                        "cur_ability", 
                        "ability_level"
                    ]
                ]
            ]
        }, 
        "\u6301\u7eed\u65f6\u95f4": {
            "annotation": "", 
            "desc": "", 
            "etype": 2, 
            "key": "\u6301\u7eed\u65f6\u95f4", 
            "prop_cls": "PInt", 
            "remark": "", 
            "type": 24, 
            "value": [
                "lambda unit: Fix32(unit.ability_level)+Fix32(4)", 
                [
                    [
                        "level"
                    ]
                ], 
                "lambda unit: Fix32(unit.ability_level)+Fix32(4)", 
                {
                    "ability.cur_ability.ability_level": {
                        "is_cm": false
                    }
                }, 
                [
                    [
                        "ability", 
                        "cur_ability", 
                        "ability_level"
                    ]
                ]
            ]
        }, 
        "\u653b\u901f\u63d0\u9ad8\u503c": {
            "annotation": "", 
            "desc": "", 
            "etype": 2, 
            "key": "\u653b\u901f\u63d0\u9ad8\u503c", 
            "prop_cls": "PInt", 
            "remark": "", 
            "type": 24, 
            "value": [
                "lambda unit: Fix32(50)+(Fix32(10)*Fix32(unit.ability_level))", 
                [
                    [
                        "level"
                    ]
                ], 
                "lambda unit: Fix32(50)+(Fix32(10)*Fix32(unit.ability_level))", 
                {
                    "ability.cur_ability.ability_level": {
                        "is_cm": false
                    }
                }, 
                [
                    [
                        "ability", 
                        "cur_ability", 
                        "ability_level"
                    ]
                ]
            ]
        }
    }, 
    "magicbook_list": {
        "__tuple__": true, 
        "items": []
    }, 
    "name": -195309715, 
    "need_turn_to_target": true, 
    "pick_count": 1, 
    "player_props_cost": {
        "__tuple__": true, 
        "items": []
    }, 
    "precondition_list": {
        "__tuple__": true, 
        "items": []
    }, 
    "ps_sfx_list": {
        "__tuple__": true, 
        "items": []
    }, 
    "ps_sound_effect": {
        "__tuple__": true, 
        "items": []
    }, 
    "release_immediately_out_of_range": false, 
    "required_level": {
        "formula": {
            "__tuple__": true, 
            "items": [
                "lambda unit: Fix32(6)*Fix32(unit.level)+(Fix32(1)-Fix32(unit.level))", 
                [
                    "level", 
                    "level"
                ], 
                "lambda unit: Fix32(6)*Fix32(unit.level)+(Fix32(1)-Fix32(unit.level))", 
                {
                    "ability_learn.cur_ability.level": {
                        "is_cm": false
                    }
                }, 
                [
                    [
                        "ability_learn", 
                        "cur_ability", 
                        "level"
                    ], 
                    [
                        "ability_learn", 
                        "cur_ability", 
                        "level"
                    ]
                ]
            ]
        }, 
        "required_levels": {
            "__tuple__": true, 
            "items": [
                6, 
                11, 
                16
            ]
        }
    }, 
    "sector_angle": {
        "__tuple__": true, 
        "items": [
            " 0 "
        ]
    }, 
    "sector_radius": {
        "__tuple__": true, 
        "items": [
            "10"
        ]
    }, 
    "show_building_attack_range": false, 
    "sight_type": 0, 
    "sound_event_list": {
        "__tuple__": true, 
        "items": [
            [
                "ABILITY_SP_END", 
                134262505, 
                11
            ]
        ]
    }, 
    "sp_count_down": false, 
    "sp_sfx_list": {
        "__tuple__": true, 
        "items": []
    }, 
    "sp_sound_effect": {
        "__tuple__": true, 
        "items": []
    }, 
    "suffix": "", 
    "tags": {
        "__tuple__": true, 
        "items": [
            "\u5927\u62db"
        ]
    }, 
    "target_attribute": 0, 
    "type_priority_building": 0, 
    "type_priority_creature": 0, 
    "type_priority_destructible": 0, 
    "type_priority_hero": 0, 
    "type_priority_item": 0, 
    "uid": "134221582"
}