{
    "ability_break_cast_range": {
        "__tuple__": true, 
        "items": [
            "50"
        ]
    }, 
    "ability_bw_point": 0.0, 
    "ability_cast_point": 0.0, 
    "ability_cast_range": {
        "__tuple__": true, 
        "items": [
            "4.0"
        ]
    }, 
    "ability_cast_type": 2, 
    "ability_channel_time": 0.0, 
    "ability_cost": {
        "__tuple__": true, 
        "items": [
            " 80"
        ]
    }, 
    "ability_damage": {
        "__tuple__": true, 
        "items": [
            " 0"
        ]
    }, 
    "ability_damage_range": {
        "__tuple__": true, 
        "items": [
            "0.0"
        ]
    }, 
    "ability_hp_cost": {
        "__tuple__": true, 
        "items": [
            "0"
        ]
    }, 
    "ability_icon": 108191, 
    "ability_max_level": 5, 
    "ability_max_stack_count": {
        "__tuple__": true, 
        "items": [
            "0"
        ]
    }, 
    "ability_prepare_time": 0.0, 
    "ability_stack_cd": {
        "__tuple__": true, 
        "items": [
            "0"
        ]
    }, 
    "arrow_length": {
        "__tuple__": true, 
        "items": [
            "5"
        ]
    }, 
    "arrow_width": {
        "__tuple__": true, 
        "items": [
            "2"
        ]
    }, 
    "auto_pick": true, 
    "bs_sfx_list": {
        "__tuple__": true, 
        "items": []
    }, 
    "bs_sound_effect": {
        "__tuple__": true, 
        "items": []
    }, 
    "build_list": {
        "__tuple__": true, 
        "items": []
    }, 
    "build_rotate": 0, 
    "building_attack_range_sfx": 0, 
    "camp_priority_enemy": 0, 
    "camp_priority_friend": 0, 
    "camp_priority_neutral": 0, 
    "camp_priority_self": 0, 
    "can_bs_interrupt": true, 
    "can_cache": true, 
    "can_cast_interrupt": false, 
    "can_cast_when_hp_insufficient": false, 
    "can_cost_hp": false, 
    "can_interrupt_others": true, 
    "can_prepare_interrupt": false, 
    "can_ps_interrupt": false, 
    "circle_radius": {
        "__tuple__": true, 
        "items": [
            " (300)/100"
        ]
    }, 
    "cold_down_time": {
        "__tuple__": true, 
        "items": [
            " 14.5-1.5*ability_level"
        ]
    }, 
    "collection_animation": "", 
    "collection_animation_loop": true, 
    "collection_continuously": true, 
    "collection_destructible_tags": {
        "__tuple__": true, 
        "items": []
    }, 
    "cost_hp_can_die": false, 
    "cst_sfx_list": {
        "__tuple__": true, 
        "items": []
    }, 
    "cst_sound_effect": {
        "__tuple__": true, 
        "items": []
    }, 
    "description": -907070967, 
    "end_sfx_list": {
        "__tuple__": true, 
        "items": []
    }, 
    "end_sound_effect": {
        "__tuple__": true, 
        "items": []
    }, 
    "filter_condition_camp": 5, 
    "filter_condition_type": 7, 
    "filter_item_tags": {
        "__tuple__": true, 
        "items": []
    }, 
    "filter_unit_tags": {
        "__tuple__": true, 
        "items": []
    }, 
    "hit_sfx_list": {
        "__tuple__": true, 
        "items": []
    }, 
    "hit_sound_effect": {
        "__tuple__": true, 
        "items": []
    }, 
    "influenced_by_cd_reduce": true, 
    "influenced_by_move": false, 
    "is_autocast": false, 
    "is_charge_ability": false, 
    "is_immediate": false, 
    "is_meele": false, 
    "key": 134220754, 
    "kv": {
        "damage": {
            "annotation": "", 
            "desc": "", 
            "etype": 2, 
            "key": "damage", 
            "prop_cls": "PInt", 
            "remark": "", 
            "type": 24, 
            "value": [
                "lambda unit: Fix32(40)+Fix32(20)*Fix32(unit.ability_level)+(Fix32(0.5)+Fix32(0.1)*Fix32(unit.ability_level))*Fix32(unit.ability_source.api_get_attr_other('attack_mag'))", 
                [
                    [
                        "level"
                    ], 
                    [
                        "level"
                    ], 
                    [
                        "ability_source", 
                        "ATTR_OTHER", 
                        "attack_mag"
                    ]
                ], 
                "lambda unit: Fix32(40)+Fix32(20)*Fix32(unit.ability_level)+(Fix32(0.5)+Fix32(0.1)*Fix32(unit.ability_level))*Fix32(unit.ability_source.api_get_attr_other('attack_mag'))", 
                {
                    "ability.cur_ability.ability_level": {
                        "is_cm": false
                    }, 
                    "unit.ability_source.ATTR_OTHER.attack_mag": {
                        "is_cm": false
                    }
                }, 
                [
                    [
                        "ability", 
                        "cur_ability", 
                        "ability_level"
                    ], 
                    [
                        "ability", 
                        "cur_ability", 
                        "ability_level"
                    ], 
                    [
                        "unit", 
                        "ability_source", 
                        "ATTR_OTHER", 
                        "attack_mag"
                    ]
                ]
            ]
        }, 
        "shortdec": {
            "annotation": "", 
            "desc": "", 
            "etype": 0, 
            "key": "shortdec", 
            "prop_cls": "PText", 
            "remark": "", 
            "type": 0, 
            "value": "\u5411\u524d\u8df3\u8dc3\uff0c\u6709\u6d41\u706b\u7684\u65f6\u5019\u4f1a\u989d\u5916\u9020\u6210\u6cd5\u672f\u4f24\u5bb3\uff0c\u4e00\u5b9a\u65f6\u95f4\u5185\u53ef\u4ee5\u8df3\u8dc3\u4e24\u6b21\u3002"
        }
    }, 
    "magicbook_list": {
        "__tuple__": true, 
        "items": []
    }, 
    "name": 410444646, 
    "need_turn_to_target": true, 
    "pick_count": 1, 
    "player_props_cost": {
        "__tuple__": true, 
        "items": []
    }, 
    "precondition_list": {
        "__tuple__": true, 
        "items": []
    }, 
    "ps_sfx_list": {
        "__tuple__": true, 
        "items": []
    }, 
    "ps_sound_effect": {
        "__tuple__": true, 
        "items": []
    }, 
    "release_immediately_out_of_range": true, 
    "required_level": {
        "formula": "", 
        "required_levels": {
            "__tuple__": true, 
            "items": [
                1, 
                3, 
                5, 
                7, 
                9
            ]
        }
    }, 
    "sector_angle": {
        "__tuple__": true, 
        "items": [
            " 0 "
        ]
    }, 
    "sector_radius": {
        "__tuple__": true, 
        "items": [
            "10"
        ]
    }, 
    "show_building_attack_range": false, 
    "sight_type": 3, 
    "sound_event_list": {
        "__tuple__": true, 
        "items": [
            [
                "ABILITY_SP_END", 
                134246993, 
                11
            ]
        ]
    }, 
    "sp_count_down": false, 
    "sp_sfx_list": {
        "__tuple__": true, 
        "items": []
    }, 
    "sp_sound_effect": {
        "__tuple__": true, 
        "items": []
    }, 
    "suffix": "", 
    "tags": {
        "__tuple__": true, 
        "items": [
            "AOE"
        ]
    }, 
    "target_attribute": 0, 
    "type_priority_building": 0, 
    "type_priority_creature": 0, 
    "type_priority_destructible": 0, 
    "type_priority_hero": 0, 
    "type_priority_item": 0, 
    "uid": "134220754"
}