{
    "ability_break_cast_range": {
        "__tuple__": true, 
        "items": [
            "50"
        ]
    }, 
    "ability_bw_point": 0.0, 
    "ability_cast_point": 0.0, 
    "ability_cast_range": {
        "__tuple__": true, 
        "items": [
            "10.0"
        ]
    }, 
    "ability_cast_type": 2, 
    "ability_channel_time": 0.0, 
    "ability_cost": {
        "__tuple__": true, 
        "items": [
            " 45+(ability_level-1)*5"
        ]
    }, 
    "ability_damage": {
        "__tuple__": true, 
        "items": [
            "5"
        ]
    }, 
    "ability_damage_range": {
        "__tuple__": true, 
        "items": [
            "0.0"
        ]
    }, 
    "ability_hp_cost": {
        "__tuple__": true, 
        "items": [
            "0"
        ]
    }, 
    "ability_icon": 106942, 
    "ability_max_level": 5, 
    "ability_max_stack_count": {
        "__tuple__": true, 
        "items": [
            "0"
        ]
    }, 
    "ability_prepare_time": 0.0, 
    "ability_stack_cd": {
        "__tuple__": true, 
        "items": [
            "0"
        ]
    }, 
    "arrow_length": {
        "__tuple__": true, 
        "items": [
            "5"
        ]
    }, 
    "arrow_width": {
        "__tuple__": true, 
        "items": [
            "2"
        ]
    }, 
    "auto_pick": true, 
    "bs_sfx_list": {
        "__tuple__": true, 
        "items": []
    }, 
    "bs_sound_effect": {
        "__tuple__": true, 
        "items": []
    }, 
    "build_list": {
        "__tuple__": true, 
        "items": []
    }, 
    "build_rotate": 0, 
    "building_attack_range_sfx": 0, 
    "camp_priority_enemy": 0, 
    "camp_priority_friend": 0, 
    "camp_priority_neutral": 0, 
    "camp_priority_self": 0, 
    "can_bs_interrupt": false, 
    "can_cache": true, 
    "can_cast_interrupt": false, 
    "can_cast_when_hp_insufficient": false, 
    "can_cost_hp": false, 
    "can_interrupt_others": true, 
    "can_prepare_interrupt": false, 
    "can_ps_interrupt": false, 
    "circle_radius": {
        "__tuple__": true, 
        "items": [
            "5"
        ]
    }, 
    "cold_down_time": {
        "__tuple__": true, 
        "items": [
            " 10"
        ]
    }, 
    "collection_animation": "", 
    "collection_animation_loop": true, 
    "collection_continuously": true, 
    "collection_destructible_tags": {
        "__tuple__": true, 
        "items": []
    }, 
    "cost_hp_can_die": false, 
    "cst_sfx_list": {
        "__tuple__": true, 
        "items": []
    }, 
    "cst_sound_effect": {
        "__tuple__": true, 
        "items": []
    }, 
    "description": -1526596195, 
    "end_sfx_list": {
        "__tuple__": true, 
        "items": []
    }, 
    "end_sound_effect": {
        "__tuple__": true, 
        "items": []
    }, 
    "filter_condition_camp": 5, 
    "filter_condition_type": 7, 
    "filter_item_tags": {
        "__tuple__": true, 
        "items": []
    }, 
    "filter_unit_tags": {
        "__tuple__": true, 
        "items": []
    }, 
    "hit_sfx_list": {
        "__tuple__": true, 
        "items": []
    }, 
    "hit_sound_effect": {
        "__tuple__": true, 
        "items": []
    }, 
    "influenced_by_cd_reduce": true, 
    "influenced_by_move": false, 
    "is_autocast": false, 
    "is_charge_ability": false, 
    "is_immediate": false, 
    "is_meele": false, 
    "key": 134221589, 
    "kv": {
        "AttackAdd": {
            "annotation": "", 
            "desc": "", 
            "etype": 2, 
            "key": "AttackAdd", 
            "prop_cls": "PInt", 
            "remark": "", 
            "type": 24, 
            "value": [
                "lambda unit: Fix32(8)+(Fix32(unit.ability_level)-Fix32(1))*Fix32(7)", 
                [
                    [
                        "level"
                    ]
                ], 
                "lambda unit: Fix32(8)+(Fix32(unit.ability_level)-Fix32(1))*Fix32(7)", 
                {
                    "ability.cur_ability.ability_level": {
                        "is_cm": false
                    }
                }, 
                [
                    [
                        "ability", 
                        "cur_ability", 
                        "ability_level"
                    ]
                ]
            ]
        }, 
        "BuffTime": {
            "annotation": "", 
            "desc": "", 
            "etype": 2, 
            "key": "BuffTime", 
            "prop_cls": "PFloat", 
            "remark": "", 
            "type": 1, 
            "value": 6.0
        }, 
        "MagicAdd": {
            "annotation": "", 
            "desc": "", 
            "etype": 2, 
            "key": "MagicAdd", 
            "prop_cls": "PInt", 
            "remark": "", 
            "type": 24, 
            "value": [
                "lambda unit: Fix32(18)+(Fix32(unit.ability_level)-Fix32(1))*Fix32(8)", 
                [
                    [
                        "level"
                    ]
                ], 
                "lambda unit: Fix32(18)+(Fix32(unit.ability_level)-Fix32(1))*Fix32(8)", 
                {
                    "ability.cur_ability.ability_level": {
                        "is_cm": false
                    }
                }, 
                [
                    [
                        "ability", 
                        "cur_ability", 
                        "ability_level"
                    ]
                ]
            ]
        }, 
        "shortdec": {
            "annotation": "", 
            "desc": "", 
            "etype": 0, 
            "key": "shortdec", 
            "prop_cls": "PText", 
            "remark": "", 
            "type": 0, 
            "value": "\u63d0\u9ad8\u5468\u56f4\u53cb\u65b9\u82f1\u96c4\u6cd5\u672f\u5f3a\u5ea6\u548c\u653b\u51fb\u529b\u3002"
        }
    }, 
    "magicbook_list": {
        "__tuple__": true, 
        "items": []
    }, 
    "name": 722888668, 
    "need_turn_to_target": true, 
    "pick_count": 1, 
    "player_props_cost": {
        "__tuple__": true, 
        "items": []
    }, 
    "precondition_list": {
        "__tuple__": true, 
        "items": []
    }, 
    "ps_sfx_list": {
        "__tuple__": true, 
        "items": []
    }, 
    "ps_sound_effect": {
        "__tuple__": true, 
        "items": []
    }, 
    "release_immediately_out_of_range": false, 
    "required_level": {
        "formula": {
            "__tuple__": true, 
            "items": [
                "lambda unit: Fix32(unit.level)*Fix32(2)-Fix32(1)", 
                [
                    "level"
                ], 
                "lambda unit: Fix32(unit.level)*Fix32(2)-Fix32(1)", 
                {
                    "ability_learn.cur_ability.level": {
                        "is_cm": false
                    }
                }, 
                [
                    [
                        "ability_learn", 
                        "cur_ability", 
                        "level"
                    ]
                ]
            ]
        }, 
        "required_levels": {
            "__tuple__": true, 
            "items": [
                1, 
                3, 
                5, 
                7, 
                9
            ]
        }
    }, 
    "sector_angle": {
        "__tuple__": true, 
        "items": [
            " 0 "
        ]
    }, 
    "sector_radius": {
        "__tuple__": true, 
        "items": [
            "10"
        ]
    }, 
    "show_building_attack_range": false, 
    "sight_type": 0, 
    "sound_event_list": {
        "__tuple__": true, 
        "items": []
    }, 
    "sp_count_down": false, 
    "sp_sfx_list": {
        "__tuple__": true, 
        "items": []
    }, 
    "sp_sound_effect": {
        "__tuple__": true, 
        "items": []
    }, 
    "suffix": "", 
    "tags": {
        "__tuple__": true, 
        "items": []
    }, 
    "target_attribute": 0, 
    "type_priority_building": 0, 
    "type_priority_creature": 0, 
    "type_priority_destructible": 0, 
    "type_priority_hero": 0, 
    "type_priority_item": 0, 
    "uid": "134221589"
}