{
    "ability_break_cast_range": {
        "__tuple__": true, 
        "items": [
            "50"
        ]
    }, 
    "ability_bw_point": 0.0, 
    "ability_cast_point": 0.0, 
    "ability_cast_range": {
        "__tuple__": true, 
        "items": [
            "8.0"
        ]
    }, 
    "ability_cast_type": 2, 
    "ability_channel_time": 0.0, 
    "ability_cost": {
        "__tuple__": true, 
        "items": [
            " 45+5*ability_level"
        ]
    }, 
    "ability_damage": {
        "__tuple__": true, 
        "items": [
            "5"
        ]
    }, 
    "ability_damage_range": {
        "__tuple__": true, 
        "items": [
            "0.0"
        ]
    }, 
    "ability_hp_cost": {
        "__tuple__": true, 
        "items": [
            "0"
        ]
    }, 
    "ability_icon": 106727, 
    "ability_max_level": 5, 
    "ability_max_stack_count": {
        "__tuple__": true, 
        "items": [
            "0"
        ]
    }, 
    "ability_prepare_time": 0.5, 
    "ability_stack_cd": {
        "__tuple__": true, 
        "items": [
            "0"
        ]
    }, 
    "arrow_length": {
        "__tuple__": true, 
        "items": [
            " (800)/100"
        ]
    }, 
    "arrow_width": {
        "__tuple__": true, 
        "items": [
            " (200)/100"
        ]
    }, 
    "auto_pick": true, 
    "bs_sfx_list": {
        "__tuple__": true, 
        "items": []
    }, 
    "bs_sound_effect": {
        "__tuple__": true, 
        "items": []
    }, 
    "build_list": {
        "__tuple__": true, 
        "items": []
    }, 
    "build_rotate": 0, 
    "building_attack_range_sfx": 0, 
    "camp_priority_enemy": 0, 
    "camp_priority_friend": 0, 
    "camp_priority_neutral": 0, 
    "camp_priority_self": 0, 
    "can_bs_interrupt": false, 
    "can_cache": true, 
    "can_cast_interrupt": false, 
    "can_cast_when_hp_insufficient": false, 
    "can_cost_hp": false, 
    "can_interrupt_others": true, 
    "can_prepare_interrupt": false, 
    "can_ps_interrupt": false, 
    "circle_radius": {
        "__tuple__": true, 
        "items": [
            "5"
        ]
    }, 
    "cold_down_time": {
        "__tuple__": true, 
        "items": [
            " 10-ability_level"
        ]
    }, 
    "collection_animation": "", 
    "collection_animation_loop": true, 
    "collection_continuously": true, 
    "collection_destructible_tags": {
        "__tuple__": true, 
        "items": []
    }, 
    "cost_hp_can_die": false, 
    "cst_sfx_list": {
        "__tuple__": true, 
        "items": []
    }, 
    "cst_sound_effect": {
        "__tuple__": true, 
        "items": []
    }, 
    "description": 1744175586, 
    "end_sfx_list": {
        "__tuple__": true, 
        "items": []
    }, 
    "end_sound_effect": {
        "__tuple__": true, 
        "items": []
    }, 
    "filter_condition_camp": 5, 
    "filter_condition_type": 7, 
    "filter_item_tags": {
        "__tuple__": true, 
        "items": []
    }, 
    "filter_unit_tags": {
        "__tuple__": true, 
        "items": []
    }, 
    "hit_sfx_list": {
        "__tuple__": true, 
        "items": []
    }, 
    "hit_sound_effect": {
        "__tuple__": true, 
        "items": []
    }, 
    "influenced_by_cd_reduce": true, 
    "influenced_by_move": false, 
    "is_autocast": false, 
    "is_charge_ability": false, 
    "is_immediate": false, 
    "is_meele": false, 
    "key": 134235321, 
    "kv": {
        "SlowRate": {
            "annotation": "", 
            "desc": "", 
            "etype": 2, 
            "key": "SlowRate", 
            "prop_cls": "PInt", 
            "remark": "", 
            "sort": 0, 
            "type": 24, 
            "value": [
                "lambda unit: Fix32(20)+Fix32(4)*Fix32(unit.ability_level)", 
                [
                    [
                        "level"
                    ]
                ], 
                "lambda unit: Fix32(20)+Fix32(4)*Fix32(unit.ability_level)", 
                {
                    "ability.cur_ability.ability_level": {
                        "is_cm": false
                    }
                }, 
                [
                    [
                        "ability", 
                        "cur_ability", 
                        "ability_level"
                    ]
                ]
            ]
        }, 
        "animation": {
            "annotation": "", 
            "desc": "", 
            "etype": 0, 
            "key": "animation", 
            "prop_cls": "PText", 
            "remark": "", 
            "sort": 1, 
            "type": 0, 
            "value": "ability_3"
        }, 
        "shortdec": {
            "annotation": "", 
            "desc": "", 
            "etype": 0, 
            "key": "shortdec", 
            "prop_cls": "PText", 
            "remark": "", 
            "sort": 2, 
            "type": 0, 
            "value": "\u4e3e\u8d77\u53cc\u5251\u683c\u6321\u4f24\u5bb3\uff0c\u82e5\u62b5\u6321\u6210\u529f\u5219\u53cd\u5f39\u4f24\u5bb3\uff0c\u82e5\u62b5\u6321\u5931\u8d25\u5219\u653e\u51fa\u5251\u6c14\u9020\u6210\u4f24\u5bb3"
        }, 
        "\u5251\u6c14": {
            "annotation": "", 
            "desc": "", 
            "etype": 31, 
            "key": "\u5251\u6c14", 
            "prop_cls": "PInt", 
            "remark": "", 
            "sort": 3, 
            "type": 9, 
            "value": 134268801
        }, 
        "\u5251\u6c14\u4f24\u5bb3": {
            "annotation": "", 
            "desc": "", 
            "etype": 2, 
            "key": "\u5251\u6c14\u4f24\u5bb3", 
            "prop_cls": "PInt", 
            "remark": "", 
            "sort": 4, 
            "type": 24, 
            "value": [
                "lambda unit: Fix32(50)*Fix32(unit.ability_level)-Fix32(10)+Fix32(0.5)*Fix32(unit.ability_source.api_get_float_attr('attack_mag'))", 
                [
                    [
                        "level"
                    ], 
                    [
                        "ability_source", 
                        "ATTR_RESULT", 
                        "attack_mag"
                    ]
                ], 
                "lambda unit: Fix32(50)*Fix32(unit.ability_level)-Fix32(10)+Fix32(0.5)*Fix32(unit.ability_source.api_get_float_attr('attack_mag'))", 
                {
                    "ability.cur_ability.ability_level": {
                        "is_cm": false
                    }, 
                    "unit.ability_source.ATTR_RESULT.attack_mag": {
                        "is_cm": false
                    }
                }, 
                [
                    [
                        "ability", 
                        "cur_ability", 
                        "ability_level"
                    ], 
                    [
                        "unit", 
                        "ability_source", 
                        "ATTR_RESULT", 
                        "attack_mag"
                    ]
                ]
            ]
        }, 
        "\u53cd\u5f39\u4f24\u5bb3": {
            "annotation": "", 
            "desc": "", 
            "etype": 2, 
            "key": "\u53cd\u5f39\u4f24\u5bb3", 
            "prop_cls": "PInt", 
            "remark": "", 
            "sort": 5, 
            "type": 24, 
            "value": [
                "lambda unit: Fix32(10)+Fix32(50)*Fix32(unit.ability_level)+Fix32(1.3)*Fix32(unit.ability_source.api_get_attr_other('attack_phy'))", 
                [
                    [
                        "level"
                    ], 
                    [
                        "ability_source", 
                        "ATTR_OTHER", 
                        "attack_phy"
                    ]
                ], 
                "lambda unit: Fix32(10)+Fix32(50)*Fix32(unit.ability_level)+Fix32(1.3)*Fix32(unit.ability_source.api_get_attr_other('attack_phy'))", 
                {
                    "ability.cur_ability.ability_level": {
                        "is_cm": false
                    }, 
                    "unit.ability_source.ATTR_OTHER.attack_phy": {
                        "is_cm": false
                    }, 
                    "unit.ability_source.ATTR_RESULT.attack_phy": {
                        "is_cm": false
                    }
                }, 
                [
                    [
                        "ability", 
                        "cur_ability", 
                        "ability_level"
                    ], 
                    [
                        "unit", 
                        "ability_source", 
                        "ATTR_OTHER", 
                        "attack_phy"
                    ]
                ]
            ]
        }, 
        "\u5f3a\u5316\u63cf\u8ff0": {
            "annotation": "", 
            "desc": "", 
            "etype": 0, 
            "key": "\u5f3a\u5316\u63cf\u8ff0", 
            "prop_cls": "PText", 
            "remark": "", 
            "sort": 8, 
            "type": 0, 
            "value": "\u4e3e\u8d77\u53cc\u5251\u4e3a\u53cb\u65b9\u82f1\u96c4\u548c\u81ea\u5df1\u683c\u6321\u82f1\u96c4\u548c\u91ce\u602a\u7684\u666e\u901a\u653b\u51fb\u6216|%10%/20%/30%/40%/50%|%\u6280\u80fd\u4f24\u5bb3\uff0c\u6301\u7eed1\u79d2\u3002\u82e5\u62b5\u6321\u6210\u529f\uff0c\u5219\u5bf9\u653b\u51fb\u8005\u53cd\u5f39|%60/110/160/210/260|$\u7269\u7406\u653b\u51fb|1.3|\u989d\u5916|%\u7269\u7406\u4f24\u5bb3\uff0c\u5e76\u51cf\u6162\u4ed6\u4eec|%24%/28%/32%/36%/40%|%\u653b\u51fb\u901f\u5ea6\uff0c\u6301\u7eed2\u79d2\uff0c\u5e76\u4e14\u5218\u5907\u83b7\u5f97|%10/15/20/25/30|%\u62a4\u7532\u548c\u6cd5\u672f\u6297\u6027\u3002\u683c\u6321\u7ed3\u675f\u5411\u524d\u65b9\u653e\u51fa\u4e09\u9053\u5251\u6c14\uff0c\u5bf9\u654c\u4eba\u9020\u6210|%40/90/140/190/240|$\u6cd5\u672f\u653b\u51fb|0.5|%\u6cd5\u672f\u4f24\u5bb3\uff0c\u5e76\u51cf\u6162\u4ed6\u4eec|%24%/28%/32%/36%/40%|%\u79fb\u52a8\u901f\u5ea6\uff0c\u6301\u7eed2\u79d2\u3002"
        }, 
        "\u6297\u6027\u52a0\u6210": {
            "annotation": "", 
            "desc": "", 
            "etype": 2, 
            "key": "\u6297\u6027\u52a0\u6210", 
            "prop_cls": "PInt", 
            "remark": "", 
            "sort": 6, 
            "type": 24, 
            "value": [
                "lambda unit: Fix32(5)+Fix32(5)*Fix32(unit.ability_level)", 
                [
                    [
                        "level"
                    ]
                ], 
                "lambda unit: Fix32(5)+Fix32(5)*Fix32(unit.ability_level)", 
                {
                    "ability.cur_ability.ability_level": {
                        "is_cm": false
                    }
                }, 
                [
                    [
                        "ability", 
                        "cur_ability", 
                        "ability_level"
                    ]
                ]
            ]
        }, 
        "\u683c\u6321\u4f24\u5bb3": {
            "annotation": "", 
            "desc": "", 
            "etype": 2, 
            "key": "\u683c\u6321\u4f24\u5bb3", 
            "prop_cls": "PInt", 
            "remark": "", 
            "sort": 7, 
            "type": 24, 
            "value": [
                "lambda unit: Fix32(0.1)*Fix32(unit.ability_level)", 
                [
                    [
                        "level"
                    ]
                ], 
                "lambda unit: Fix32(0.1)*Fix32(unit.ability_level)", 
                {
                    "ability.cur_ability.ability_level": {
                        "is_cm": false
                    }
                }, 
                [
                    [
                        "ability", 
                        "cur_ability", 
                        "ability_level"
                    ]
                ]
            ]
        }
    }, 
    "magicbook_list": {
        "__tuple__": true, 
        "items": []
    }, 
    "name": -1415706133, 
    "need_turn_to_target": true, 
    "pick_count": 1, 
    "player_props_cost": {
        "__tuple__": true, 
        "items": []
    }, 
    "precondition_list": {
        "__tuple__": true, 
        "items": []
    }, 
    "ps_sfx_list": {
        "__tuple__": true, 
        "items": []
    }, 
    "ps_sound_effect": {
        "__tuple__": true, 
        "items": []
    }, 
    "release_immediately_out_of_range": true, 
    "required_level": {
        "formula": {
            "__tuple__": true, 
            "items": [
                "lambda unit: Fix32(unit.level)*Fix32(2)-Fix32(1)", 
                [
                    "level"
                ], 
                "lambda unit: Fix32(unit.level)*Fix32(2)-Fix32(1)", 
                {
                    "ability_learn.cur_ability.level": {
                        "is_cm": false
                    }
                }, 
                [
                    [
                        "ability_learn", 
                        "cur_ability", 
                        "level"
                    ]
                ]
            ]
        }, 
        "required_levels": {
            "__tuple__": true, 
            "items": [
                1, 
                3, 
                5, 
                7, 
                9
            ]
        }
    }, 
    "sector_angle": {
        "__tuple__": true, 
        "items": [
            " 0 "
        ]
    }, 
    "sector_radius": {
        "__tuple__": true, 
        "items": [
            "10"
        ]
    }, 
    "show_building_attack_range": false, 
    "sight_type": 0, 
    "sound_event_list": {
        "__tuple__": true, 
        "items": [
            [
                "ABILITY_SP_END", 
                134219307, 
                11
            ]
        ]
    }, 
    "sp_count_down": false, 
    "sp_sfx_list": {
        "__tuple__": true, 
        "items": []
    }, 
    "sp_sound_effect": {
        "__tuple__": true, 
        "items": []
    }, 
    "suffix": "", 
    "tags": {
        "__tuple__": true, 
        "items": [
            "AOE"
        ]
    }, 
    "target_attribute": 0, 
    "type_priority_building": 0, 
    "type_priority_creature": 0, 
    "type_priority_destructible": 0, 
    "type_priority_hero": 0, 
    "type_priority_item": 0, 
    "uid": "134235321"
}