{
    "ability_break_cast_range": {
        "__tuple__": true, 
        "items": [
            "50.0"
        ]
    }, 
    "ability_bw_point": 0.0, 
    "ability_cast_point": 0.3, 
    "ability_cast_range": {
        "__tuple__": true, 
        "items": [
            "7.5"
        ]
    }, 
    "ability_cast_type": 2, 
    "ability_channel_time": 0.0, 
    "ability_cost": {
        "__tuple__": true, 
        "items": [
            " 0"
        ]
    }, 
    "ability_damage": {
        "__tuple__": true, 
        "items": [
            "5"
        ]
    }, 
    "ability_damage_range": {
        "__tuple__": true, 
        "items": [
            "0.0"
        ]
    }, 
    "ability_hp_cost": {
        "__tuple__": true, 
        "items": [
            "0"
        ]
    }, 
    "ability_icon": 106834, 
    "ability_max_level": 5, 
    "ability_max_stack_count": {
        "__tuple__": true, 
        "items": [
            "0"
        ]
    }, 
    "ability_prepare_time": 0.0, 
    "ability_stack_cd": {
        "__tuple__": true, 
        "items": [
            "0"
        ]
    }, 
    "arrow_length": {
        "__tuple__": true, 
        "items": [
            "5"
        ]
    }, 
    "arrow_width": {
        "__tuple__": true, 
        "items": [
            "2"
        ]
    }, 
    "auto_pick": true, 
    "bs_sfx_list": {
        "__tuple__": true, 
        "items": []
    }, 
    "bs_sound_effect": {
        "__tuple__": true, 
        "items": []
    }, 
    "build_list": {
        "__tuple__": true, 
        "items": []
    }, 
    "build_rotate": 0, 
    "building_attack_range_sfx": 0, 
    "camp_priority_enemy": 0, 
    "camp_priority_friend": 0, 
    "camp_priority_neutral": 0, 
    "camp_priority_self": 0, 
    "can_bs_interrupt": false, 
    "can_cache": true, 
    "can_cast_interrupt": false, 
    "can_cast_when_hp_insufficient": false, 
    "can_cost_hp": false, 
    "can_interrupt_others": true, 
    "can_prepare_interrupt": false, 
    "can_ps_interrupt": false, 
    "circle_radius": {
        "__tuple__": true, 
        "items": [
            "5"
        ]
    }, 
    "cold_down_time": {
        "__tuple__": true, 
        "items": [
            " 13-ability_level"
        ]
    }, 
    "collection_animation": "", 
    "collection_animation_loop": true, 
    "collection_continuously": true, 
    "collection_destructible_tags": {
        "__tuple__": true, 
        "items": []
    }, 
    "cost_hp_can_die": false, 
    "cst_sfx_list": {
        "__tuple__": true, 
        "items": []
    }, 
    "cst_sound_effect": {
        "__tuple__": true, 
        "items": []
    }, 
    "description": -562059558, 
    "end_sfx_list": {
        "__tuple__": true, 
        "items": []
    }, 
    "end_sound_effect": {
        "__tuple__": true, 
        "items": []
    }, 
    "filter_condition_camp": 15, 
    "filter_condition_type": 5, 
    "filter_item_tags": {
        "__tuple__": true, 
        "items": []
    }, 
    "filter_unit_tags": {
        "__tuple__": true, 
        "items": []
    }, 
    "hit_sfx_list": {
        "__tuple__": true, 
        "items": []
    }, 
    "hit_sound_effect": {
        "__tuple__": true, 
        "items": []
    }, 
    "influenced_by_cd_reduce": true, 
    "influenced_by_move": true, 
    "is_autocast": false, 
    "is_charge_ability": false, 
    "is_immediate": false, 
    "is_meele": false, 
    "key": 134238783, 
    "kv": {
        "shortdec": {
            "annotation": "", 
            "desc": "", 
            "etype": 0, 
            "key": "shortdec", 
            "prop_cls": "PText", 
            "remark": "", 
            "type": 0, 
            "value": "\u6062\u590d\u53cb\u65b9\u7684\u751f\u547d\u503c\u5bf9\u5468\u56f4\u654c\u519b\u9020\u6210\u4f24\u5bb3\u3002\u6216\u5bf9\u654c\u519b\u9020\u6210\u4f24\u5bb3\u5e76\u6062\u590d\u5468\u56f4\u53cb\u519b\u751f\u547d\u503c\u3002"
        }, 
        "\u4e3b\u76ee\u6807\u6570\u503c": {
            "annotation": "", 
            "desc": "", 
            "etype": 2, 
            "key": "\u4e3b\u76ee\u6807\u6570\u503c", 
            "prop_cls": "PInt", 
            "remark": "", 
            "type": 24, 
            "value": [
                "lambda unit: -Fix32(5)+(Fix32(25)*Fix32(unit.ability_level))+(Fix32(unit.ability_source.api_get_float_attr('hp_max'))*Fix32(0.06))+(Fix32(0.6)*Fix32(unit.ability_source.api_get_float_attr('attack_mag')))", 
                [
                    [
                        "level"
                    ], 
                    [
                        "ability_source", 
                        "ATTR_RESULT", 
                        "hp_max"
                    ], 
                    [
                        "ability_source", 
                        "ATTR_RESULT", 
                        "attack_mag"
                    ]
                ], 
                "lambda unit: -Fix32(5)+(Fix32(25)*Fix32(unit.ability_level))+(Fix32(unit.ability_source.api_get_float_attr('hp_max'))*Fix32(0.06))+(Fix32(0.6)*Fix32(unit.ability_source.api_get_float_attr('attack_mag')))", 
                {
                    "ability.cur_ability.ability_level": {
                        "is_cm": false
                    }, 
                    "unit.ability_source.ATTR_RESULT.attack_mag": {
                        "is_cm": false
                    }, 
                    "unit.ability_source.ATTR_RESULT.hp_max": {
                        "is_cm": false
                    }
                }, 
                [
                    [
                        "ability", 
                        "cur_ability", 
                        "ability_level"
                    ], 
                    [
                        "unit", 
                        "ability_source", 
                        "ATTR_RESULT", 
                        "hp_max"
                    ], 
                    [
                        "unit", 
                        "ability_source", 
                        "ATTR_RESULT", 
                        "attack_mag"
                    ]
                ]
            ]
        }, 
        "\u6b21\u76ee\u6807\u6570\u503c": {
            "annotation": "", 
            "desc": "", 
            "etype": 2, 
            "key": "\u6b21\u76ee\u6807\u6570\u503c", 
            "prop_cls": "PInt", 
            "remark": "", 
            "type": 24, 
            "value": [
                "lambda unit: (Fix32(15)*Fix32(unit.ability_level))+(Fix32(0.045)*Fix32(unit.ability_source.api_get_float_attr('hp_max')))+(Fix32(0.45)*Fix32(unit.ability_source.api_get_float_attr('attack_mag')))", 
                [
                    [
                        "level"
                    ], 
                    [
                        "ability_source", 
                        "ATTR_RESULT", 
                        "hp_max"
                    ], 
                    [
                        "ability_source", 
                        "ATTR_RESULT", 
                        "attack_mag"
                    ]
                ], 
                "lambda unit: (Fix32(15)*Fix32(unit.ability_level))+(Fix32(0.045)*Fix32(unit.ability_source.api_get_float_attr('hp_max')))+(Fix32(0.45)*Fix32(unit.ability_source.api_get_float_attr('attack_mag')))", 
                {
                    "ability.cur_ability.ability_level": {
                        "is_cm": false
                    }, 
                    "unit.ability_source.ATTR_RESULT.attack_mag": {
                        "is_cm": false
                    }, 
                    "unit.ability_source.ATTR_RESULT.hp_max": {
                        "is_cm": false
                    }
                }, 
                [
                    [
                        "ability", 
                        "cur_ability", 
                        "ability_level"
                    ], 
                    [
                        "unit", 
                        "ability_source", 
                        "ATTR_RESULT", 
                        "hp_max"
                    ], 
                    [
                        "unit", 
                        "ability_source", 
                        "ATTR_RESULT", 
                        "attack_mag"
                    ]
                ]
            ]
        }, 
        "\u751f\u547d\u6d88\u8017": {
            "annotation": "", 
            "desc": "", 
            "etype": 2, 
            "key": "\u751f\u547d\u6d88\u8017", 
            "prop_cls": "PInt", 
            "remark": "", 
            "type": 24, 
            "value": [
                "lambda unit: -Fix32(5)+(Fix32(25)*Fix32(unit.ability_level))+(Fix32(0.03)*Fix32(unit.ability_source.api_get_float_attr('hp_max')))", 
                [
                    [
                        "level"
                    ], 
                    [
                        "ability_source", 
                        "ATTR_RESULT", 
                        "hp_max"
                    ]
                ], 
                "lambda unit: -Fix32(5)+(Fix32(25)*Fix32(unit.ability_level))+(Fix32(0.03)*Fix32(unit.ability_source.api_get_float_attr('hp_max')))", 
                {
                    "ability.cur_ability.ability_level": {
                        "is_cm": false
                    }, 
                    "unit.ability_source.ATTR_RESULT.hp_max": {
                        "is_cm": false
                    }
                }, 
                [
                    [
                        "ability", 
                        "cur_ability", 
                        "ability_level"
                    ], 
                    [
                        "unit", 
                        "ability_source", 
                        "ATTR_RESULT", 
                        "hp_max"
                    ]
                ]
            ]
        }
    }, 
    "magicbook_list": {
        "__tuple__": true, 
        "items": []
    }, 
    "name": 1985683312, 
    "need_turn_to_target": true, 
    "pick_count": 1, 
    "player_props_cost": {
        "__tuple__": true, 
        "items": []
    }, 
    "precondition_list": {
        "__tuple__": true, 
        "items": []
    }, 
    "ps_sfx_list": {
        "__tuple__": true, 
        "items": []
    }, 
    "ps_sound_effect": {
        "__tuple__": true, 
        "items": []
    }, 
    "release_immediately_out_of_range": false, 
    "required_level": {
        "formula": {
            "__tuple__": true, 
            "items": [
                "lambda unit: Fix32(unit.level)*Fix32(2)-Fix32(1)", 
                [
                    "level"
                ], 
                "lambda unit: Fix32(unit.level)*Fix32(2)-Fix32(1)", 
                {
                    "ability_learn.cur_ability.level": {
                        "is_cm": false
                    }
                }, 
                [
                    [
                        "ability_learn", 
                        "cur_ability", 
                        "level"
                    ]
                ]
            ]
        }, 
        "required_levels": {
            "__tuple__": true, 
            "items": [
                1, 
                3, 
                5, 
                7, 
                9
            ]
        }
    }, 
    "sector_angle": {
        "__tuple__": true, 
        "items": [
            " 0 "
        ]
    }, 
    "sector_radius": {
        "__tuple__": true, 
        "items": [
            "10"
        ]
    }, 
    "show_building_attack_range": false, 
    "sight_type": 4, 
    "sound_event_list": {
        "__tuple__": true, 
        "items": [
            [
                "ABILITY_SP_END", 
                134252359, 
                11
            ]
        ]
    }, 
    "sp_count_down": false, 
    "sp_sfx_list": {
        "__tuple__": true, 
        "items": []
    }, 
    "sp_sound_effect": {
        "__tuple__": true, 
        "items": []
    }, 
    "suffix": "", 
    "tags": {
        "__tuple__": true, 
        "items": [
            "AOE"
        ]
    }, 
    "target_attribute": 0, 
    "type_priority_building": 0, 
    "type_priority_creature": 0, 
    "type_priority_destructible": 0, 
    "type_priority_hero": 0, 
    "type_priority_item": 0, 
    "uid": "134238783"
}