{
    "ability_break_cast_range": {
        "__tuple__": true, 
        "items": [
            "50"
        ]
    }, 
    "ability_bw_point": 0.0, 
    "ability_cast_point": 0.0, 
    "ability_cast_range": {
        "__tuple__": true, 
        "items": [
            "10.0"
        ]
    }, 
    "ability_cast_type": 2, 
    "ability_channel_time": 0.0, 
    "ability_cost": {
        "__tuple__": true, 
        "items": [
            " 50+(ability_level-1)*10"
        ]
    }, 
    "ability_damage": {
        "__tuple__": true, 
        "items": [
            "5"
        ]
    }, 
    "ability_damage_range": {
        "__tuple__": true, 
        "items": [
            "0.0"
        ]
    }, 
    "ability_hp_cost": {
        "__tuple__": true, 
        "items": [
            "0"
        ]
    }, 
    "ability_icon": 106990, 
    "ability_max_level": 5, 
    "ability_max_stack_count": {
        "__tuple__": true, 
        "items": [
            "0"
        ]
    }, 
    "ability_prepare_time": 0.0, 
    "ability_stack_cd": {
        "__tuple__": true, 
        "items": [
            "0"
        ]
    }, 
    "arrow_length": {
        "__tuple__": true, 
        "items": [
            "5"
        ]
    }, 
    "arrow_width": {
        "__tuple__": true, 
        "items": [
            "2"
        ]
    }, 
    "auto_pick": true, 
    "bs_sfx_list": {
        "__tuple__": true, 
        "items": []
    }, 
    "bs_sound_effect": {
        "__tuple__": true, 
        "items": []
    }, 
    "build_list": {
        "__tuple__": true, 
        "items": []
    }, 
    "build_rotate": 0, 
    "building_attack_range_sfx": 0, 
    "camp_priority_enemy": 0, 
    "camp_priority_friend": 0, 
    "camp_priority_neutral": 0, 
    "camp_priority_self": 0, 
    "can_bs_interrupt": true, 
    "can_cache": true, 
    "can_cast_interrupt": false, 
    "can_cast_when_hp_insufficient": false, 
    "can_cost_hp": false, 
    "can_interrupt_others": true, 
    "can_prepare_interrupt": false, 
    "can_ps_interrupt": false, 
    "circle_radius": {
        "__tuple__": true, 
        "items": [
            "5"
        ]
    }, 
    "cold_down_time": {
        "__tuple__": true, 
        "items": [
            " 14-(ability_level-1)"
        ]
    }, 
    "collection_animation": "", 
    "collection_animation_loop": true, 
    "collection_continuously": true, 
    "collection_destructible_tags": {
        "__tuple__": true, 
        "items": []
    }, 
    "cost_hp_can_die": false, 
    "cst_sfx_list": {
        "__tuple__": true, 
        "items": []
    }, 
    "cst_sound_effect": {
        "__tuple__": true, 
        "items": []
    }, 
    "description": -1387081943, 
    "end_sfx_list": {
        "__tuple__": true, 
        "items": []
    }, 
    "end_sound_effect": {
        "__tuple__": true, 
        "items": []
    }, 
    "filter_condition_camp": 5, 
    "filter_condition_type": 5, 
    "filter_item_tags": {
        "__tuple__": true, 
        "items": []
    }, 
    "filter_unit_tags": {
        "__tuple__": true, 
        "items": []
    }, 
    "hit_sfx_list": {
        "__tuple__": true, 
        "items": []
    }, 
    "hit_sound_effect": {
        "__tuple__": true, 
        "items": []
    }, 
    "influenced_by_cd_reduce": true, 
    "influenced_by_move": false, 
    "is_autocast": false, 
    "is_charge_ability": false, 
    "is_immediate": false, 
    "is_meele": false, 
    "key": 134237872, 
    "kv": {
        "Damage": {
            "annotation": "", 
            "desc": "", 
            "etype": 2, 
            "key": "Damage", 
            "prop_cls": "PInt", 
            "remark": "", 
            "sort": 0, 
            "type": 24, 
            "value": [
                "lambda unit: Fix32(30)+(Fix32(unit.ability_level)-Fix32(1))*Fix32(40)+Fix32(unit.ability_source.api_get_float_attr('defense_phy'))*Fix32(0.6)", 
                [
                    [
                        "level"
                    ], 
                    [
                        "ability_source", 
                        "ATTR_RESULT", 
                        "defense_phy"
                    ]
                ], 
                "lambda unit: Fix32(30)+(Fix32(unit.ability_level)-Fix32(1))*Fix32(40)+Fix32(unit.ability_source.api_get_float_attr('defense_phy'))*Fix32(0.6)", 
                {
                    "ability.cur_ability.ability_level": {
                        "is_cm": false
                    }, 
                    "unit.ability_source.ATTR_RESULT.defense_phy": {
                        "is_cm": false
                    }
                }, 
                [
                    [
                        "ability", 
                        "cur_ability", 
                        "ability_level"
                    ], 
                    [
                        "unit", 
                        "ability_source", 
                        "ATTR_RESULT", 
                        "defense_phy"
                    ]
                ]
            ]
        }, 
        "Def": {
            "annotation": "", 
            "desc": "", 
            "etype": 2, 
            "key": "Def", 
            "prop_cls": "PInt", 
            "remark": "", 
            "sort": 1, 
            "type": 24, 
            "value": [
                "lambda unit: Fix32(20)+(Fix32(unit.ability_level)-Fix32(1))*Fix32(5)", 
                [
                    [
                        "level"
                    ]
                ], 
                "lambda unit: Fix32(20)+(Fix32(unit.ability_level)-Fix32(1))*Fix32(5)", 
                {
                    "ability.cur_ability.ability_level": {
                        "is_cm": false
                    }
                }, 
                [
                    [
                        "ability", 
                        "cur_ability", 
                        "ability_level"
                    ]
                ]
            ]
        }, 
        "DefTime": {
            "annotation": "", 
            "desc": "", 
            "etype": 2, 
            "key": "DefTime", 
            "prop_cls": "PFloat", 
            "remark": "", 
            "sort": 2, 
            "type": 1, 
            "value": 4.0
        }, 
        "ExtraDamage": {
            "annotation": "", 
            "desc": "", 
            "etype": 2, 
            "key": "ExtraDamage", 
            "prop_cls": "PInt", 
            "remark": "", 
            "sort": 3, 
            "type": 24, 
            "value": [
                "lambda unit: Fix32(90)+(Fix32(unit.ability_level)-Fix32(1))*Fix32(30)", 
                [
                    [
                        "level"
                    ]
                ], 
                "lambda unit: Fix32(90)+(Fix32(unit.ability_level)-Fix32(1))*Fix32(30)", 
                {
                    "ability.cur_ability.ability_level": {
                        "is_cm": false
                    }
                }, 
                [
                    [
                        "ability", 
                        "cur_ability", 
                        "ability_level"
                    ]
                ]
            ]
        }, 
        "Range": {
            "annotation": "", 
            "desc": "", 
            "etype": 2, 
            "key": "Range", 
            "prop_cls": "PFloat", 
            "remark": "", 
            "sort": 4, 
            "type": 1, 
            "value": 400.0
        }, 
        "shortdec": {
            "annotation": "", 
            "desc": "", 
            "etype": 0, 
            "key": "shortdec", 
            "prop_cls": "PText", 
            "remark": "", 
            "sort": 5, 
            "type": 0, 
            "value": "\u5bf9\u5468\u56f4\u654c\u519b\u9020\u6210\u6cd5\u672f\u4f24\u5bb3\u5e76\u4e34\u65f6\u63d0\u5347\u81ea\u8eab\u62a4\u7532\u548c\u6cd5\u672f\u6297\u6027\u3002"
        }
    }, 
    "magicbook_list": {
        "__tuple__": true, 
        "items": []
    }, 
    "name": -371542713, 
    "need_turn_to_target": true, 
    "pick_count": 1, 
    "player_props_cost": {
        "__tuple__": true, 
        "items": []
    }, 
    "precondition_list": {
        "__tuple__": true, 
        "items": []
    }, 
    "ps_sfx_list": {
        "__tuple__": true, 
        "items": []
    }, 
    "ps_sound_effect": {
        "__tuple__": true, 
        "items": []
    }, 
    "release_immediately_out_of_range": true, 
    "required_level": {
        "formula": {
            "__tuple__": true, 
            "items": [
                "lambda unit: Fix32(unit.level)*Fix32(2)-Fix32(1)", 
                [
                    "level"
                ], 
                "lambda unit: Fix32(unit.level)*Fix32(2)-Fix32(1)", 
                {
                    "ability_learn.cur_ability.level": {
                        "is_cm": false
                    }
                }, 
                [
                    [
                        "ability_learn", 
                        "cur_ability", 
                        "level"
                    ]
                ]
            ]
        }, 
        "required_levels": {
            "__tuple__": true, 
            "items": [
                1, 
                3, 
                5, 
                7, 
                9
            ]
        }
    }, 
    "sector_angle": {
        "__tuple__": true, 
        "items": [
            " 0 "
        ]
    }, 
    "sector_radius": {
        "__tuple__": true, 
        "items": [
            "10"
        ]
    }, 
    "show_building_attack_range": false, 
    "sight_type": 0, 
    "sound_event_list": {
        "__tuple__": true, 
        "items": []
    }, 
    "sp_count_down": false, 
    "sp_sfx_list": {
        "__tuple__": true, 
        "items": []
    }, 
    "sp_sound_effect": {
        "__tuple__": true, 
        "items": []
    }, 
    "suffix": "", 
    "tags": {
        "__tuple__": true, 
        "items": [
            "AOE"
        ]
    }, 
    "target_attribute": 0, 
    "type_priority_building": 0, 
    "type_priority_creature": 0, 
    "type_priority_destructible": 0, 
    "type_priority_hero": 0, 
    "type_priority_item": 0, 
    "uid": "134237872"
}