{
    "local_variable": {}, 
    "trigger_dict": {
        "104095745": {
            "action": [
                {
                    "action_type": "ADD_MODIFIER", 
                    "args_list": [
                        {
                            "arg_type": 100006, 
                            "args_list": [], 
                            "sub_type": "ABILITY_OWNER"
                        }, 
                        {
                            "arg_type": 100046, 
                            "args_list": [
                                134251180
                            ], 
                            "sub_type": 1
                        }
                    ], 
                    "bp": false, 
                    "element_id": 2045206530000014, 
                    "enable": true, 
                    "op_arg": [
                        {
                            "arg_type": 100006, 
                            "args_list": [], 
                            "sub_type": "ABILITY_OWNER"
                        }, 
                        {
                            "arg_type": 100014, 
                            "args_list": [], 
                            "sub_type": "CUR_ABILITY"
                        }, 
                        {
                            "arg_type": 100002, 
                            "args_list": [
                                15
                            ], 
                            "sub_type": 1
                        }, 
                        {
                            "arg_type": 100000, 
                            "args_list": [
                                0.25
                            ], 
                            "sub_type": 1
                        }, 
                        null
                    ], 
                    "op_arg_enable": [
                        true, 
                        true, 
                        true, 
                        false, 
                        false
                    ]
                }
            ], 
            "call_enabled": true, 
            "condition": [], 
            "enabled": true, 
            "event": [
                {
                    "args_list": [], 
                    "element_id": 104095745000002, 
                    "enable": true, 
                    "event_type": "ABILITY_SP_END"
                }
            ], 
            "group_id": 134230690, 
            "p_trigger_id": null, 
            "trigger_id": 104095745, 
            "trigger_name": "\u65b0\u5efa\u89e6\u53d1\u5668", 
            "valid": false
        }, 
        "943001602": {
            "action": [
                {
                    "action_type": "SET_VARIABLE", 
                    "args_list": [
                        {
                            "arg_type": 100148, 
                            "args_list": [
                                [
                                    "SFX_ENTITY", 
                                    "knife", 
                                    "actor"
                                ], 
                                null
                            ], 
                            "sub_type": 4
                        }, 
                        {
                            "arg_type": 100148, 
                            "args_list": [
                                {
                                    "arg_type": 100066, 
                                    "args_list": [
                                        102961
                                    ], 
                                    "sub_type": 1
                                }, 
                                {
                                    "arg_type": 100006, 
                                    "args_list": [], 
                                    "sub_type": "ABILITY_OWNER"
                                }, 
                                {
                                    "arg_type": 100003, 
                                    "args_list": [
                                        "B"
                                    ], 
                                    "sub_type": 1
                                }, 
                                {
                                    "arg_type": 100001, 
                                    "args_list": [
                                        true
                                    ], 
                                    "sub_type": 1
                                }, 
                                {
                                    "arg_type": 100001, 
                                    "args_list": [
                                        true
                                    ], 
                                    "sub_type": 1
                                }
                            ], 
                            "op_arg": [
                                null, 
                                {
                                    "arg_type": 100000, 
                                    "args_list": [
                                        0.78
                                    ], 
                                    "sub_type": 1
                                }, 
                                null, 
                                null
                            ], 
                            "op_arg_enable": [
                                false, 
                                true, 
                                false, 
                                false
                            ], 
                            "sub_type": "CREATE_SFX_ON_UNIT"
                        }
                    ], 
                    "bp": false, 
                    "element_id": 19398656020014, 
                    "enable": true
                }, 
                {
                    "action_type": "PLAY_ANIMATION", 
                    "args_list": [
                        {
                            "arg_type": 100006, 
                            "args_list": [], 
                            "sub_type": "ABILITY_OWNER"
                        }, 
                        {
                            "arg_type": 100003, 
                            "args_list": [
                                "ability_4"
                            ], 
                            "sub_type": 1
                        }, 
                        {
                            "arg_type": 100000, 
                            "args_list": [
                                1.0
                            ], 
                            "sub_type": 1
                        }, 
                        {
                            "arg_type": 100000, 
                            "args_list": [
                                0.0
                            ], 
                            "sub_type": 1
                        }, 
                        {
                            "arg_type": 100000, 
                            "args_list": [
                                -1.0
                            ], 
                            "sub_type": 1
                        }, 
                        {
                            "arg_type": 100001, 
                            "args_list": [
                                false
                            ], 
                            "sub_type": 1
                        }, 
                        {
                            "arg_type": 100001, 
                            "args_list": [
                                true
                            ], 
                            "sub_type": 1
                        }
                    ], 
                    "bp": false, 
                    "element_id": 943001602000002, 
                    "enable": true
                }
            ], 
            "call_enabled": true, 
            "condition": [], 
            "enabled": true, 
            "event": [
                {
                    "args_list": [], 
                    "element_id": 943001602000001, 
                    "enable": true, 
                    "event_type": "ABILITY_PS_START"
                }
            ], 
            "group_id": 134230690, 
            "p_trigger_id": null, 
            "trigger_id": 943001602, 
            "trigger_name": "\u65b0\u5efa\u89e6\u53d1\u5668_2", 
            "valid": true
        }
    }, 
    "trigger_group_info": [
        {
            "_trigger_group_": true, 
            "group": [
                [
                    104095745, 
                    "\u65b0\u5efa\u89e6\u53d1\u5668"
                ], 
                [
                    943001602, 
                    "\u65b0\u5efa\u89e6\u53d1\u5668_2"
                ]
            ], 
            "key": 134230690, 
            "name": "134230690"
        }
    ], 
    "trigger_version": "1.2", 
    "variable_dict": {
        "SFX_ENTITY": {
            "knife": 0
        }
    }, 
    "variable_group_info": [
        [
            "knife", 
            "(knife)"
        ]
    ], 
    "variable_length_dict": {
        "knife": 0
    }
}