{
    "local_variable": {
        "1484636162": {
            "variable_dict": {
                "ABILITY": {
                    "skill": null
                }, 
                "UNIT_ENTITY": {
                    "other": null, 
                    "target": null
                }
            }, 
            "variable_length_dict": {
                "other": 0, 
                "skill": 0, 
                "target": 0
            }
        }
    }, 
    "trigger_dict": {
        "1484636162": {
            "action": [
                {
                    "action_type": "CREATE_SFX_ON_POINT", 
                    "args_list": [
                        {
                            "arg_type": 100066, 
                            "args_list": [
                                102502
                            ], 
                            "sub_type": 1
                        }, 
                        {
                            "arg_type": 100004, 
                            "args_list": [
                                {
                                    "arg_type": 100006, 
                                    "args_list": [], 
                                    "sub_type": "ABILITY_OWNER"
                                }
                            ], 
                            "sub_type": "UNIT_ENTITY_POINT"
                        }
                    ], 
                    "bp": false, 
                    "element_id": 14846361621527, 
                    "enable": true, 
                    "op_arg": [
                        null, 
                        {
                            "arg_type": 100000, 
                            "args_list": [
                                1.3
                            ], 
                            "sub_type": 1
                        }, 
                        null, 
                        {
                            "arg_type": 100000, 
                            "args_list": [
                                2.0
                            ], 
                            "sub_type": 1
                        }, 
                        null
                    ], 
                    "op_arg_enable": [
                        false, 
                        true, 
                        false, 
                        true, 
                        false
                    ]
                }, 
                {
                    "action_type": "ITER_MODIFIER_DO", 
                    "args_list": [
                        {
                            "arg_type": 100006, 
                            "args_list": [], 
                            "sub_type": "ABILITY_OWNER"
                        }, 
                        {
                            "arg_type": 100022, 
                            "args_list": [
                                {
                                    "action_type": "IF_THEN_ELSE", 
                                    "args_list": [
                                        {
                                            "arg_type": 100021, 
                                            "args_list": [
                                                {
                                                    "args_list": [
                                                        {
                                                            "arg_type": 100174, 
                                                            "args_list": [
                                                                {
                                                                    "arg_type": 100076, 
                                                                    "args_list": [], 
                                                                    "sub_type": "FOR_EACH_SELECTED_MODIFIER"
                                                                }
                                                            ], 
                                                            "sub_type": "GET_MODIFIER_EFFECT_TYPE"
                                                        }, 
                                                        {
                                                            "arg_type": 100035, 
                                                            "args_list": [
                                                                "=="
                                                            ], 
                                                            "sub_type": 1
                                                        }, 
                                                        {
                                                            "arg_type": 100174, 
                                                            "args_list": [
                                                                3
                                                            ], 
                                                            "sub_type": 1
                                                        }
                                                    ], 
                                                    "condition_type": "MODIFIER_AFFECT_COMPARE", 
                                                    "element_id": 14846361624542, 
                                                    "enable": true
                                                }
                                            ], 
                                            "sub_type": 1
                                        }, 
                                        {
                                            "arg_type": 100022, 
                                            "args_list": [
                                                {
                                                    "action_type": "REMOVE_BUFF_INS", 
                                                    "args_list": [
                                                        {
                                                            "arg_type": 100076, 
                                                            "args_list": [], 
                                                            "sub_type": "FOR_EACH_SELECTED_MODIFIER"
                                                        }
                                                    ], 
                                                    "bp": false, 
                                                    "element_id": 14846361620004, 
                                                    "enable": true
                                                }
                                            ], 
                                            "sub_type": 1
                                        }, 
                                        {
                                            "arg_type": 100022, 
                                            "args_list": [], 
                                            "sub_type": 1
                                        }
                                    ], 
                                    "bp": false, 
                                    "element_id": 14846361620005, 
                                    "enable": true, 
                                    "fake_op": [
                                        2
                                    ]
                                }
                            ], 
                            "sub_type": 1
                        }
                    ], 
                    "bp": false, 
                    "element_id": 14846361620103, 
                    "enable": true
                }, 
                {
                    "action_type": "PICK_UNIT_DO_ACTION", 
                    "args_list": [
                        {
                            "arg_type": 100026, 
                            "args_list": [
                                {
                                    "arg_type": 100004, 
                                    "args_list": [
                                        {
                                            "arg_type": 100006, 
                                            "args_list": [], 
                                            "sub_type": "ABILITY_OWNER"
                                        }
                                    ], 
                                    "sub_type": "UNIT_ENTITY_POINT"
                                }, 
                                {
                                    "arg_type": 100211, 
                                    "args_list": [
                                        {
                                            "arg_type": 100000, 
                                            "args_list": [
                                                600.0
                                            ], 
                                            "sub_type": 1
                                        }
                                    ], 
                                    "sub_type": "CONST_CIRCULAR_SHAPE"
                                }
                            ], 
                            "op_arg": [
                                {
                                    "arg_type": 100027, 
                                    "args_list": [
                                        {
                                            "arg_type": 100025, 
                                            "args_list": [
                                                {
                                                    "arg_type": 100006, 
                                                    "args_list": [], 
                                                    "sub_type": "ABILITY_OWNER"
                                                }
                                            ], 
                                            "sub_type": "OWNER_PLAYER"
                                        }
                                    ], 
                                    "sub_type": "PLAYER_ENEMY"
                                }, 
                                null, 
                                null, 
                                null, 
                                null, 
                                null, 
                                null, 
                                null, 
                                null, 
                                null, 
                                null, 
                                null, 
                                null, 
                                null
                            ], 
                            "op_arg_enable": [
                                true, 
                                false, 
                                false, 
                                false, 
                                false, 
                                false, 
                                false, 
                                false, 
                                false, 
                                false, 
                                false, 
                                false, 
                                false, 
                                false
                            ], 
                            "sub_type": "UNIT_LIST_IN_SHAPE"
                        }, 
                        {
                            "arg_type": 100022, 
                            "args_list": [
                                {
                                    "action_type": "IF_THEN_ELSE", 
                                    "args_list": [
                                        {
                                            "arg_type": 100021, 
                                            "args_list": [
                                                {
                                                    "args_list": [
                                                        {
                                                            "arg_type": 100010, 
                                                            "args_list": [
                                                                {
                                                                    "arg_type": 100006, 
                                                                    "args_list": [], 
                                                                    "sub_type": "FOR_EACH_SELECTED_UNIT"
                                                                }
                                                            ], 
                                                            "sub_type": "GET_UNIT_TYPE"
                                                        }, 
                                                        {
                                                            "arg_type": 100035, 
                                                            "args_list": [
                                                                "=="
                                                            ], 
                                                            "sub_type": 1
                                                        }, 
                                                        {
                                                            "arg_type": 100010, 
                                                            "args_list": [
                                                                4
                                                            ], 
                                                            "sub_type": 1
                                                        }
                                                    ], 
                                                    "condition_type": "UNIT_TYPE_COMPARE", 
                                                    "element_id": 14846361620007, 
                                                    "enable": true
                                                }
                                            ], 
                                            "sub_type": 1
                                        }, 
                                        {
                                            "arg_type": 100022, 
                                            "args_list": [
                                                {
                                                    "action_type": "SET_VARIABLE", 
                                                    "args_list": [
                                                        {
                                                            "arg_type": 100030, 
                                                            "args_list": [
                                                                [
                                                                    "UNIT_ENTITY", 
                                                                    "target", 
                                                                    "local"
                                                                ]
                                                            ], 
                                                            "sub_type": 1
                                                        }, 
                                                        {
                                                            "arg_type": 100006, 
                                                            "args_list": [], 
                                                            "sub_type": "FOR_EACH_SELECTED_UNIT"
                                                        }
                                                    ], 
                                                    "bp": false, 
                                                    "element_id": 14846361620008, 
                                                    "enable": true
                                                }, 
                                                [
                                                    1157934541, 
                                                    "\u6d88\u9664\u4ec7\u6068-\u5bfb\u627e\u5176\u4ed6\u5408\u6cd5\u5355\u4f4d", 
                                                    1484636162, 
                                                    "action_type"
                                                ], 
                                                {
                                                    "action_type": "PICK_UNIT_DO_ACTION", 
                                                    "args_list": [
                                                        {
                                                            "arg_type": 100026, 
                                                            "args_list": [
                                                                {
                                                                    "arg_type": 100004, 
                                                                    "args_list": [
                                                                        {
                                                                            "arg_type": 100006, 
                                                                            "args_list": [
                                                                                [
                                                                                    "UNIT_ENTITY", 
                                                                                    "target", 
                                                                                    "local"
                                                                                ], 
                                                                                null
                                                                            ], 
                                                                            "sub_type": 11
                                                                        }
                                                                    ], 
                                                                    "sub_type": "UNIT_ENTITY_POINT"
                                                                }, 
                                                                {
                                                                    "arg_type": 100211, 
                                                                    "args_list": [
                                                                        {
                                                                            "arg_type": 100000, 
                                                                            "args_list": [
                                                                                {
                                                                                    "arg_type": 100006, 
                                                                                    "args_list": [
                                                                                        [
                                                                                            "UNIT_ENTITY", 
                                                                                            "target", 
                                                                                            "local"
                                                                                        ], 
                                                                                        null
                                                                                    ], 
                                                                                    "sub_type": 11
                                                                                }
                                                                            ], 
                                                                            "sub_type": "GET_UNIT_ALARM_RANGE"
                                                                        }
                                                                    ], 
                                                                    "sub_type": "CONST_CIRCULAR_SHAPE"
                                                                }
                                                            ], 
                                                            "op_arg": [
                                                                {
                                                                    "arg_type": 100027, 
                                                                    "args_list": [
                                                                        {
                                                                            "arg_type": 100025, 
                                                                            "args_list": [
                                                                                {
                                                                                    "arg_type": 100006, 
                                                                                    "args_list": [
                                                                                        [
                                                                                            "UNIT_ENTITY", 
                                                                                            "target", 
                                                                                            "local"
                                                                                        ], 
                                                                                        null
                                                                                    ], 
                                                                                    "sub_type": 11
                                                                                }
                                                                            ], 
                                                                            "sub_type": "OWNER_PLAYER"
                                                                        }
                                                                    ], 
                                                                    "sub_type": "PLAYER_ENEMY"
                                                                }, 
                                                                null, 
                                                                null, 
                                                                null, 
                                                                null, 
                                                                null, 
                                                                null, 
                                                                null, 
                                                                null, 
                                                                null, 
                                                                null, 
                                                                null, 
                                                                null, 
                                                                null
                                                            ], 
                                                            "op_arg_enable": [
                                                                true, 
                                                                false, 
                                                                false, 
                                                                false, 
                                                                false, 
                                                                false, 
                                                                false, 
                                                                false, 
                                                                false, 
                                                                false, 
                                                                false, 
                                                                false, 
                                                                false, 
                                                                false
                                                            ], 
                                                            "sub_type": "UNIT_LIST_IN_SHAPE"
                                                        }, 
                                                        {
                                                            "arg_type": 100022, 
                                                            "args_list": [
                                                                {
                                                                    "action_type": "IF_THEN_ELSE", 
                                                                    "args_list": [
                                                                        {
                                                                            "arg_type": 100021, 
                                                                            "args_list": [
                                                                                {
                                                                                    "args_list": [
                                                                                        {
                                                                                            "arg_type": 100006, 
                                                                                            "args_list": [], 
                                                                                            "sub_type": "FOR_EACH_SELECTED_UNIT"
                                                                                        }, 
                                                                                        {
                                                                                            "arg_type": 100035, 
                                                                                            "args_list": [
                                                                                                "!="
                                                                                            ], 
                                                                                            "sub_type": 1
                                                                                        }, 
                                                                                        {
                                                                                            "arg_type": 100006, 
                                                                                            "args_list": [], 
                                                                                            "sub_type": "ABILITY_OWNER"
                                                                                        }
                                                                                    ], 
                                                                                    "condition_type": "UNIT_COMPARE", 
                                                                                    "element_id": 14846361620009, 
                                                                                    "enable": true
                                                                                }
                                                                            ], 
                                                                            "sub_type": 1
                                                                        }, 
                                                                        {
                                                                            "arg_type": 100022, 
                                                                            "args_list": [
                                                                                {
                                                                                    "action_type": "UNIT_RELEASE_COMMAND", 
                                                                                    "args_list": [
                                                                                        {
                                                                                            "arg_type": 100006, 
                                                                                            "args_list": [
                                                                                                [
                                                                                                    "UNIT_ENTITY", 
                                                                                                    "target", 
                                                                                                    "local"
                                                                                                ], 
                                                                                                null
                                                                                            ], 
                                                                                            "sub_type": 11
                                                                                        }, 
                                                                                        {
                                                                                            "arg_type": 100216, 
                                                                                            "args_list": [
                                                                                                {
                                                                                                    "arg_type": 100006, 
                                                                                                    "args_list": [], 
                                                                                                    "sub_type": "FOR_EACH_SELECTED_UNIT"
                                                                                                }
                                                                                            ], 
                                                                                            "op_arg": [
                                                                                                null
                                                                                            ], 
                                                                                            "op_arg_enable": [
                                                                                                false
                                                                                            ], 
                                                                                            "sub_type": "UNIT_COMMAND_ATTACK_TARGET"
                                                                                        }
                                                                                    ], 
                                                                                    "bp": false, 
                                                                                    "element_id": 14846361620010, 
                                                                                    "enable": true
                                                                                }, 
                                                                                {
                                                                                    "action_type": "BREAK_LOOP", 
                                                                                    "args_list": [], 
                                                                                    "bp": false, 
                                                                                    "element_id": 14846361620011, 
                                                                                    "enable": true
                                                                                }
                                                                            ], 
                                                                            "sub_type": 1
                                                                        }, 
                                                                        {
                                                                            "arg_type": 100022, 
                                                                            "args_list": [], 
                                                                            "sub_type": 1
                                                                        }
                                                                    ], 
                                                                    "bp": false, 
                                                                    "element_id": 14846361620012, 
                                                                    "enable": true, 
                                                                    "fake_op": [
                                                                        2
                                                                    ]
                                                                }
                                                            ], 
                                                            "sub_type": 1
                                                        }
                                                    ], 
                                                    "bp": false, 
                                                    "element_id": 14846361620013, 
                                                    "enable": true
                                                }
                                            ], 
                                            "sub_type": 1
                                        }, 
                                        {
                                            "arg_type": 100022, 
                                            "args_list": [], 
                                            "sub_type": 1
                                        }
                                    ], 
                                    "bp": false, 
                                    "element_id": 14846361620014, 
                                    "enable": true, 
                                    "fake_op": [
                                        2
                                    ]
                                }, 
                                {
                                    "action_type": "IF_THEN_ELSE", 
                                    "args_list": [
                                        {
                                            "arg_type": 100021, 
                                            "args_list": [
                                                {
                                                    "args_list": [
                                                        {
                                                            "arg_type": 100010, 
                                                            "args_list": [
                                                                {
                                                                    "arg_type": 100006, 
                                                                    "args_list": [], 
                                                                    "sub_type": "FOR_EACH_SELECTED_UNIT"
                                                                }
                                                            ], 
                                                            "sub_type": "GET_UNIT_TYPE"
                                                        }, 
                                                        {
                                                            "arg_type": 100035, 
                                                            "args_list": [
                                                                "!="
                                                            ], 
                                                            "sub_type": 1
                                                        }, 
                                                        {
                                                            "arg_type": 100010, 
                                                            "args_list": [
                                                                2
                                                            ], 
                                                            "sub_type": 1
                                                        }
                                                    ], 
                                                    "condition_type": "UNIT_TYPE_COMPARE", 
                                                    "element_id": 14846361620015, 
                                                    "enable": true
                                                }
                                            ], 
                                            "sub_type": 1
                                        }, 
                                        {
                                            "arg_type": 100022, 
                                            "args_list": [
                                                {
                                                    "action_type": "ADD_MODIFIER", 
                                                    "args_list": [
                                                        {
                                                            "arg_type": 100006, 
                                                            "args_list": [], 
                                                            "sub_type": "FOR_EACH_SELECTED_UNIT"
                                                        }, 
                                                        {
                                                            "arg_type": 100046, 
                                                            "args_list": [
                                                                134228845
                                                            ], 
                                                            "sub_type": 1
                                                        }
                                                    ], 
                                                    "bp": false, 
                                                    "element_id": 14846361620016, 
                                                    "enable": true, 
                                                    "op_arg": [
                                                        {
                                                            "arg_type": 100006, 
                                                            "args_list": [], 
                                                            "sub_type": "ABILITY_OWNER"
                                                        }, 
                                                        {
                                                            "arg_type": 100014, 
                                                            "args_list": [], 
                                                            "sub_type": "CUR_ABILITY"
                                                        }, 
                                                        {
                                                            "arg_type": 100000, 
                                                            "args_list": [
                                                                {
                                                                    "arg_type": 100014, 
                                                                    "args_list": [], 
                                                                    "sub_type": "CUR_ABILITY"
                                                                }, 
                                                                {
                                                                    "arg_type": 100003, 
                                                                    "args_list": [
                                                                        "DebuffTime"
                                                                    ], 
                                                                    "sub_type": 1
                                                                }
                                                            ], 
                                                            "sub_type": "GET_FLOAT_KV"
                                                        }, 
                                                        null, 
                                                        null
                                                    ], 
                                                    "op_arg_enable": [
                                                        true, 
                                                        true, 
                                                        true, 
                                                        false, 
                                                        false
                                                    ]
                                                }
                                            ], 
                                            "sub_type": 1
                                        }, 
                                        {
                                            "arg_type": 100022, 
                                            "args_list": [], 
                                            "sub_type": 1
                                        }
                                    ], 
                                    "bp": false, 
                                    "element_id": 14846361620017, 
                                    "enable": true, 
                                    "fake_op": [
                                        2
                                    ]
                                }
                            ], 
                            "sub_type": 1
                        }
                    ], 
                    "bp": false, 
                    "element_id": 14846361620051, 
                    "enable": true
                }, 
                {
                    "action_type": "IF_THEN_ELSE", 
                    "args_list": [
                        {
                            "arg_type": 100021, 
                            "args_list": [
                                {
                                    "args_list": [
                                        {
                                            "arg_type": 100006, 
                                            "args_list": [], 
                                            "sub_type": "ABILITY_OWNER"
                                        }, 
                                        {
                                            "arg_type": 100046, 
                                            "args_list": [
                                                134242417
                                            ], 
                                            "sub_type": 1
                                        }
                                    ], 
                                    "condition_type": "UNIT_HAS_MODIFIER", 
                                    "element_id": 14846361620019, 
                                    "enable": true
                                }
                            ], 
                            "sub_type": 1
                        }, 
                        {
                            "arg_type": 100022, 
                            "args_list": [
                                {
                                    "action_type": "SET_VARIABLE", 
                                    "args_list": [
                                        {
                                            "arg_type": 100030, 
                                            "args_list": [
                                                [
                                                    "ABILITY", 
                                                    "skill", 
                                                    "local"
                                                ]
                                            ], 
                                            "sub_type": 1
                                        }, 
                                        {
                                            "arg_type": 100014, 
                                            "args_list": [
                                                {
                                                    "arg_type": 100076, 
                                                    "args_list": [
                                                        {
                                                            "arg_type": 100006, 
                                                            "args_list": [], 
                                                            "sub_type": "ABILITY_OWNER"
                                                        }, 
                                                        {
                                                            "arg_type": 100046, 
                                                            "args_list": [
                                                                134242417
                                                            ], 
                                                            "sub_type": 1
                                                        }
                                                    ], 
                                                    "sub_type": "GET_LAST_MODIFIER_INSTANCE"
                                                }
                                            ], 
                                            "sub_type": "RELATED_ABILITY"
                                        }
                                    ], 
                                    "bp": false, 
                                    "element_id": 14846361620020, 
                                    "enable": true
                                }, 
                                {
                                    "action_type": "ADD_MODIFIER", 
                                    "args_list": [
                                        {
                                            "arg_type": 100006, 
                                            "args_list": [], 
                                            "sub_type": "ABILITY_OWNER"
                                        }, 
                                        {
                                            "arg_type": 100046, 
                                            "args_list": [
                                                134231644
                                            ], 
                                            "sub_type": 1
                                        }
                                    ], 
                                    "bp": false, 
                                    "element_id": 14846361620021, 
                                    "enable": true, 
                                    "op_arg": [
                                        null, 
                                        {
                                            "arg_type": 100014, 
                                            "args_list": [
                                                [
                                                    "ABILITY", 
                                                    "skill", 
                                                    "local"
                                                ], 
                                                null
                                            ], 
                                            "sub_type": 2
                                        }, 
                                        {
                                            "arg_type": 100000, 
                                            "args_list": [
                                                {
                                                    "arg_type": 100014, 
                                                    "args_list": [
                                                        [
                                                            "ABILITY", 
                                                            "skill", 
                                                            "local"
                                                        ], 
                                                        null
                                                    ], 
                                                    "sub_type": 2
                                                }, 
                                                {
                                                    "arg_type": 100003, 
                                                    "args_list": [
                                                        "BuffTime"
                                                    ], 
                                                    "sub_type": 1
                                                }
                                            ], 
                                            "sub_type": "GET_FLOAT_KV"
                                        }, 
                                        null, 
                                        {
                                            "arg_type": 100002, 
                                            "args_list": [
                                                2
                                            ], 
                                            "sub_type": 1
                                        }
                                    ], 
                                    "op_arg_enable": [
                                        false, 
                                        true, 
                                        true, 
                                        false, 
                                        true
                                    ]
                                }
                            ], 
                            "sub_type": 1
                        }, 
                        {
                            "arg_type": 100022, 
                            "args_list": [], 
                            "sub_type": 1
                        }
                    ], 
                    "bp": false, 
                    "element_id": 13431480340019, 
                    "enable": true, 
                    "fake_op": [
                        2
                    ]
                }
            ], 
            "call_enabled": true, 
            "condition": [], 
            "enabled": true, 
            "event": [
                {
                    "args_list": [], 
                    "element_id": 1484636162934544, 
                    "enable": true, 
                    "event_type": "ABILITY_SP_END"
                }
            ], 
            "group_id": 134257727, 
            "p_trigger_id": null, 
            "trigger_id": 1484636162, 
            "trigger_name": "\u65b0\u5efa\u89e6\u53d1\u5668_2", 
            "valid": false
        }, 
        "1547923457": {
            "action": [
                {
                    "action_type": "PLAY_ANIMATION", 
                    "args_list": [
                        {
                            "arg_type": 100006, 
                            "args_list": [], 
                            "sub_type": "ABILITY_OWNER"
                        }, 
                        {
                            "arg_type": 100003, 
                            "args_list": [
                                "ability_1"
                            ], 
                            "sub_type": 1
                        }, 
                        {
                            "arg_type": 100000, 
                            "args_list": [
                                {
                                    "arg_type": 100000, 
                                    "args_list": [
                                        {
                                            "arg_type": 100006, 
                                            "args_list": [], 
                                            "sub_type": "ABILITY_OWNER"
                                        }, 
                                        {
                                            "arg_type": 100301, 
                                            "args_list": [
                                                "ATTR_RESULT"
                                            ], 
                                            "sub_type": 1
                                        }, 
                                        {
                                            "arg_type": 100042, 
                                            "args_list": [
                                                "attack_speed"
                                            ], 
                                            "sub_type": 1
                                        }
                                    ], 
                                    "sub_type": "GET_UNIT_ATTR"
                                }, 
                                {
                                    "arg_type": 100017, 
                                    "args_list": [
                                        "/"
                                    ], 
                                    "sub_type": 1
                                }, 
                                {
                                    "arg_type": 100000, 
                                    "args_list": [
                                        100.0
                                    ], 
                                    "sub_type": 1
                                }
                            ], 
                            "sub_type": "ARITHMETIC_OPERATION"
                        }, 
                        {
                            "arg_type": 100000, 
                            "args_list": [
                                0
                            ], 
                            "sub_type": 1
                        }, 
                        {
                            "arg_type": 100000, 
                            "args_list": [
                                -1
                            ], 
                            "sub_type": 1
                        }, 
                        {
                            "arg_type": 100001, 
                            "args_list": [
                                false
                            ], 
                            "sub_type": 1
                        }, 
                        {
                            "arg_type": 100001, 
                            "args_list": [
                                true
                            ], 
                            "sub_type": 1
                        }
                    ], 
                    "bp": false, 
                    "element_id": 2393743370002, 
                    "enable": true
                }
            ], 
            "call_enabled": true, 
            "condition": [], 
            "enabled": true, 
            "event": [
                {
                    "args_list": [], 
                    "element_id": 15479234570008, 
                    "enable": true, 
                    "event_type": "ABILITY_PS_START"
                }
            ], 
            "group_id": 134257727, 
            "p_trigger_id": null, 
            "trigger_id": 1547923457, 
            "trigger_name": "\u65b0\u5efa\u89e6\u53d1\u5668", 
            "valid": true
        }
    }, 
    "trigger_group_info": [
        {
            "_trigger_group_": true, 
            "group": [
                [
                    1484636162, 
                    "\u65b0\u5efa\u89e6\u53d1\u5668_2"
                ], 
                [
                    1547923457, 
                    "\u65b0\u5efa\u89e6\u53d1\u5668"
                ]
            ], 
            "key": 134257727, 
            "name": "134257727"
        }
    ], 
    "trigger_version": "1.2", 
    "variable_dict": {
        "ABILITY": {}
    }, 
    "variable_group_info": [], 
    "variable_length_dict": {}
}