{
    "local_variable": {
        "1538813953": {
            "variable_dict": {
                "DYNAMIC_TRIGGER_INSTANCE": {
                    "t": 0
                }, 
                "INTEGER": {
                    "i": 0
                }, 
                "POINT": {
                    "p": [
                        0, 
                        0, 
                        0
                    ]
                }
            }, 
            "variable_length_dict": {
                "i": 0, 
                "p": 0, 
                "t": 0
            }
        }
    }, 
    "trigger_dict": {
        "1538813953": {
            "action": [
                {
                    "action_type": "CREATE_SFX_ON_UNIT", 
                    "args_list": [
                        {
                            "arg_type": 100066, 
                            "args_list": [
                                102775
                            ], 
                            "sub_type": 1
                        }, 
                        {
                            "arg_type": 100006, 
                            "args_list": [
                                {
                                    "arg_type": 100014, 
                                    "args_list": [], 
                                    "sub_type": "CUR_ABILITY"
                                }
                            ], 
                            "sub_type": "TARGET_UNIT_IN_ABILITY"
                        }, 
                        {
                            "arg_type": 100003, 
                            "args_list": [
                                "base"
                            ], 
                            "sub_type": 1
                        }, 
                        {
                            "arg_type": 100001, 
                            "args_list": [
                                false
                            ], 
                            "sub_type": 1
                        }, 
                        {
                            "arg_type": 100001, 
                            "args_list": [
                                true
                            ], 
                            "sub_type": 1
                        }
                    ], 
                    "bp": false, 
                    "element_id": 15388139530007, 
                    "enable": true, 
                    "op_arg": [
                        {
                            "arg_type": 100000, 
                            "args_list": [
                                1.2
                            ], 
                            "sub_type": 1
                        }, 
                        {
                            "arg_type": 100000, 
                            "args_list": [
                                2.0
                            ], 
                            "sub_type": 1
                        }, 
                        null, 
                        null
                    ], 
                    "op_arg_enable": [
                        true, 
                        true, 
                        false, 
                        false
                    ]
                }, 
                {
                    "action_type": "APPLY_DAMAGE", 
                    "args_list": [
                        {
                            "arg_type": 100006, 
                            "args_list": [], 
                            "sub_type": "ABILITY_OWNER"
                        }, 
                        {
                            "arg_type": 100014, 
                            "args_list": [], 
                            "sub_type": "CUR_ABILITY"
                        }, 
                        {
                            "arg_type": 100006, 
                            "args_list": [
                                {
                                    "arg_type": 100014, 
                                    "args_list": [], 
                                    "sub_type": "CUR_ABILITY"
                                }
                            ], 
                            "sub_type": "TARGET_UNIT_IN_ABILITY"
                        }, 
                        {
                            "arg_type": 100064, 
                            "args_list": [
                                1
                            ], 
                            "sub_type": 1
                        }, 
                        {
                            "arg_type": 100000, 
                            "args_list": [
                                {
                                    "arg_type": 100014, 
                                    "args_list": [], 
                                    "sub_type": "CUR_ABILITY"
                                }, 
                                {
                                    "arg_type": 100003, 
                                    "args_list": [
                                        "damage"
                                    ], 
                                    "sub_type": 1
                                }
                            ], 
                            "sub_type": "GET_FLOAT_KV"
                        }, 
                        {
                            "arg_type": 100001, 
                            "args_list": [
                                true
                            ], 
                            "sub_type": 1
                        }
                    ], 
                    "bp": false, 
                    "element_id": 15388139530011, 
                    "enable": true, 
                    "op_arg": [
                        {
                            "arg_type": 100001, 
                            "args_list": [
                                true
                            ], 
                            "sub_type": 1
                        }, 
                        {
                            "arg_type": 100001, 
                            "args_list": [
                                true
                            ], 
                            "sub_type": 1
                        }, 
                        {
                            "arg_type": 100001, 
                            "args_list": [
                                true
                            ], 
                            "sub_type": 1
                        }, 
                        null, 
                        null, 
                        null
                    ], 
                    "op_arg_enable": [
                        false, 
                        false, 
                        false, 
                        false, 
                        false, 
                        false
                    ]
                }, 
                {
                    "action_type": "PICK_UNIT_DO_ACTION", 
                    "args_list": [
                        {
                            "arg_type": 100026, 
                            "args_list": [
                                {
                                    "arg_type": 100004, 
                                    "args_list": [
                                        {
                                            "arg_type": 100006, 
                                            "args_list": [
                                                {
                                                    "arg_type": 100014, 
                                                    "args_list": [], 
                                                    "sub_type": "CUR_ABILITY"
                                                }
                                            ], 
                                            "sub_type": "TARGET_UNIT_IN_ABILITY"
                                        }
                                    ], 
                                    "sub_type": "UNIT_ENTITY_POINT"
                                }, 
                                {
                                    "arg_type": 100211, 
                                    "args_list": [
                                        {
                                            "arg_type": 100000, 
                                            "args_list": [
                                                200.0
                                            ], 
                                            "sub_type": 1
                                        }
                                    ], 
                                    "sub_type": "CONST_CIRCULAR_SHAPE"
                                }
                            ], 
                            "op_arg": [
                                null, 
                                null, 
                                null, 
                                null, 
                                null, 
                                null, 
                                null, 
                                null, 
                                {
                                    "arg_type": 100010, 
                                    "args_list": [
                                        1
                                    ], 
                                    "sub_type": 1
                                }, 
                                null, 
                                null, 
                                null, 
                                null, 
                                null
                            ], 
                            "op_arg_enable": [
                                false, 
                                false, 
                                false, 
                                false, 
                                false, 
                                false, 
                                false, 
                                false, 
                                false, 
                                false, 
                                false, 
                                false, 
                                false, 
                                false
                            ], 
                            "sub_type": "UNIT_LIST_IN_SHAPE"
                        }, 
                        {
                            "arg_type": 100022, 
                            "args_list": [
                                {
                                    "action_type": "IF_THEN_ELSE", 
                                    "args_list": [
                                        {
                                            "arg_type": 100021, 
                                            "args_list": [
                                                {
                                                    "args_list": [
                                                        {
                                                            "arg_type": 100006, 
                                                            "args_list": [], 
                                                            "sub_type": "ABILITY_OWNER"
                                                        }, 
                                                        {
                                                            "arg_type": 100006, 
                                                            "args_list": [], 
                                                            "sub_type": "FOR_EACH_SELECTED_UNIT"
                                                        }
                                                    ], 
                                                    "condition_type": "IS_ENEMY", 
                                                    "element_id": 15388139530004, 
                                                    "enable": true
                                                }, 
                                                {
                                                    "args_list": [
                                                        {
                                                            "arg_type": 100010, 
                                                            "args_list": [
                                                                2
                                                            ], 
                                                            "sub_type": 1
                                                        }, 
                                                        {
                                                            "arg_type": 100035, 
                                                            "args_list": [
                                                                "!="
                                                            ], 
                                                            "sub_type": 1
                                                        }, 
                                                        {
                                                            "arg_type": 100010, 
                                                            "args_list": [
                                                                {
                                                                    "arg_type": 100006, 
                                                                    "args_list": [], 
                                                                    "sub_type": "FOR_EACH_SELECTED_UNIT"
                                                                }
                                                            ], 
                                                            "sub_type": "GET_UNIT_TYPE"
                                                        }
                                                    ], 
                                                    "condition_type": "UNIT_TYPE_COMPARE", 
                                                    "element_id": 15388139530005, 
                                                    "enable": true
                                                }
                                            ], 
                                            "sub_type": 1
                                        }, 
                                        {
                                            "arg_type": 100022, 
                                            "args_list": [
                                                {
                                                    "action_type": "ADD_MODIFIER", 
                                                    "args_list": [
                                                        {
                                                            "arg_type": 100006, 
                                                            "args_list": [], 
                                                            "sub_type": "FOR_EACH_SELECTED_UNIT"
                                                        }, 
                                                        {
                                                            "arg_type": 100046, 
                                                            "args_list": [
                                                                134264987
                                                            ], 
                                                            "sub_type": 1
                                                        }
                                                    ], 
                                                    "bp": false, 
                                                    "element_id": 15388139530059, 
                                                    "enable": true, 
                                                    "op_arg": [
                                                        {
                                                            "arg_type": 100006, 
                                                            "args_list": [], 
                                                            "sub_type": "FOR_EACH_SELECTED_UNIT"
                                                        }, 
                                                        {
                                                            "arg_type": 100014, 
                                                            "args_list": [], 
                                                            "sub_type": "CUR_ABILITY"
                                                        }, 
                                                        {
                                                            "arg_type": 100000, 
                                                            "args_list": [
                                                                2.0
                                                            ], 
                                                            "sub_type": 1
                                                        }, 
                                                        null, 
                                                        null
                                                    ], 
                                                    "op_arg_enable": [
                                                        true, 
                                                        true, 
                                                        true, 
                                                        false, 
                                                        false
                                                    ]
                                                }
                                            ], 
                                            "sub_type": 1
                                        }, 
                                        {
                                            "arg_type": 100022, 
                                            "args_list": [], 
                                            "sub_type": 1
                                        }
                                    ], 
                                    "bp": false, 
                                    "element_id": 15388139530008, 
                                    "enable": true, 
                                    "fake_op": [
                                        2
                                    ]
                                }
                            ], 
                            "sub_type": 1
                        }
                    ], 
                    "bp": false, 
                    "element_id": 15388139530017, 
                    "enable": true
                }, 
                {
                    "action_type": "IF_THEN_ELSE", 
                    "args_list": [
                        {
                            "arg_type": 100021, 
                            "args_list": [
                                {
                                    "args_list": [
                                        {
                                            "arg_type": 100006, 
                                            "args_list": [], 
                                            "sub_type": "ABILITY_OWNER"
                                        }, 
                                        {
                                            "arg_type": 100046, 
                                            "args_list": [
                                                134265924
                                            ], 
                                            "sub_type": 1
                                        }
                                    ], 
                                    "condition_type": "UNIT_HAS_MODIFIER", 
                                    "element_id": 15388139530010, 
                                    "enable": true
                                }
                            ], 
                            "sub_type": 1
                        }, 
                        {
                            "arg_type": 100022, 
                            "args_list": [
                                {
                                    "action_type": "ADD_MODIFIER", 
                                    "args_list": [
                                        {
                                            "arg_type": 100006, 
                                            "args_list": [], 
                                            "sub_type": "ABILITY_OWNER"
                                        }, 
                                        {
                                            "arg_type": 100046, 
                                            "args_list": [
                                                134259933
                                            ], 
                                            "sub_type": 1
                                        }
                                    ], 
                                    "bp": false, 
                                    "element_id": 1538813953530074, 
                                    "enable": true, 
                                    "op_arg": [
                                        {
                                            "arg_type": 100006, 
                                            "args_list": [], 
                                            "sub_type": "ABILITY_OWNER"
                                        }, 
                                        {
                                            "arg_type": 100014, 
                                            "args_list": [], 
                                            "sub_type": "CUR_ABILITY"
                                        }, 
                                        {
                                            "arg_type": 100000, 
                                            "args_list": [
                                                {
                                                    "arg_type": 100014, 
                                                    "args_list": [], 
                                                    "sub_type": "CUR_ABILITY"
                                                }, 
                                                {
                                                    "arg_type": 100003, 
                                                    "args_list": [
                                                        "\u514d\u63a7\u65f6\u95f4"
                                                    ], 
                                                    "sub_type": 1
                                                }
                                            ], 
                                            "sub_type": "GET_FLOAT_KV"
                                        }, 
                                        null, 
                                        null
                                    ], 
                                    "op_arg_enable": [
                                        true, 
                                        true, 
                                        true, 
                                        false, 
                                        false
                                    ]
                                }
                            ], 
                            "sub_type": 1
                        }, 
                        {
                            "arg_type": 100022, 
                            "args_list": [], 
                            "sub_type": 1
                        }
                    ], 
                    "bp": false, 
                    "element_id": 15388139530058, 
                    "enable": true, 
                    "fake_op": [
                        2
                    ]
                }
            ], 
            "call_enabled": true, 
            "condition": [], 
            "enabled": true, 
            "event": [
                {
                    "args_list": [], 
                    "element_id": 15388139530002, 
                    "enable": true, 
                    "event_type": "ABILITY_SP_END"
                }
            ], 
            "group_id": 134224380, 
            "p_trigger_id": null, 
            "trigger_id": 1538813953, 
            "trigger_name": "\u65b0\u5efa\u89e6\u53d1\u5668", 
            "valid": false
        }, 
        "1648582658": {
            "action": [
                {
                    "action_type": "PLAY_ANIMATION", 
                    "args_list": [
                        {
                            "arg_type": 100006, 
                            "args_list": [], 
                            "sub_type": "ABILITY_OWNER"
                        }, 
                        {
                            "arg_type": 100003, 
                            "args_list": [
                                "ability_3"
                            ], 
                            "sub_type": 1
                        }, 
                        {
                            "arg_type": 100000, 
                            "args_list": [
                                1.0
                            ], 
                            "sub_type": 1
                        }, 
                        {
                            "arg_type": 100000, 
                            "args_list": [
                                0.0
                            ], 
                            "sub_type": 1
                        }, 
                        {
                            "arg_type": 100000, 
                            "args_list": [
                                -1.0
                            ], 
                            "sub_type": 1
                        }, 
                        {
                            "arg_type": 100001, 
                            "args_list": [
                                false
                            ], 
                            "sub_type": 1
                        }, 
                        {
                            "arg_type": 100001, 
                            "args_list": [
                                true
                            ], 
                            "sub_type": 1
                        }
                    ], 
                    "bp": false, 
                    "element_id": 12751953930015, 
                    "enable": true
                }, 
                {
                    "action_type": "CREATE_SFX_ON_UNIT", 
                    "args_list": [
                        {
                            "arg_type": 100066, 
                            "args_list": [
                                102774
                            ], 
                            "sub_type": 1
                        }, 
                        {
                            "arg_type": 100006, 
                            "args_list": [], 
                            "sub_type": "ABILITY_OWNER"
                        }, 
                        {
                            "arg_type": 100003, 
                            "args_list": [
                                "base"
                            ], 
                            "sub_type": 1
                        }, 
                        {
                            "arg_type": 100001, 
                            "args_list": [
                                false
                            ], 
                            "sub_type": 1
                        }, 
                        {
                            "arg_type": 100001, 
                            "args_list": [
                                true
                            ], 
                            "sub_type": 1
                        }
                    ], 
                    "bp": false, 
                    "element_id": 16485826580015, 
                    "enable": true, 
                    "op_arg": [
                        null, 
                        {
                            "arg_type": 100000, 
                            "args_list": [
                                2.0
                            ], 
                            "sub_type": 1
                        }, 
                        null, 
                        null
                    ], 
                    "op_arg_enable": [
                        false, 
                        true, 
                        false, 
                        false
                    ]
                }
            ], 
            "call_enabled": true, 
            "condition": [], 
            "enabled": true, 
            "event": [
                {
                    "args_list": [], 
                    "element_id": 16485826580002, 
                    "enable": true, 
                    "event_type": "ABILITY_PS_START"
                }
            ], 
            "group_id": 134224380, 
            "p_trigger_id": null, 
            "trigger_id": 1648582658, 
            "trigger_name": "\u65b0\u5efa\u89e6\u53d1\u5668_2", 
            "valid": true
        }
    }, 
    "trigger_group_info": [
        {
            "_trigger_group_": true, 
            "group": [
                [
                    1538813953, 
                    "\u65b0\u5efa\u89e6\u53d1\u5668"
                ], 
                [
                    1648582658, 
                    "\u65b0\u5efa\u89e6\u53d1\u5668_2"
                ]
            ], 
            "key": 134224380, 
            "name": "134224380"
        }
    ], 
    "trigger_version": "1.2", 
    "variable_dict": {}, 
    "variable_group_info": [], 
    "variable_length_dict": {}
}