{
    "local_variable": {
        "2056216577": {
            "variable_dict": {
                "SFX_ENTITY": {
                    "\u7279\u6548": 0
                }
            }, 
            "variable_length_dict": {
                "\u7279\u6548": 0
            }
        }
    }, 
    "trigger_dict": {
        "378499074": {
            "action": [
                {
                    "action_type": "RUN_ONCE_TIMER_NO_SAVE", 
                    "args_list": [
                        {
                            "arg_type": 100000, 
                            "args_list": [
                                2.0
                            ], 
                            "sub_type": 1
                        }, 
                        {
                            "arg_type": 100022, 
                            "args_list": [
                                {
                                    "action_type": "CREATE_SFX_ON_POINT", 
                                    "args_list": [
                                        {
                                            "arg_type": 100066, 
                                            "args_list": [
                                                101724
                                            ], 
                                            "sub_type": 1
                                        }, 
                                        {
                                            "arg_type": 100004, 
                                            "args_list": [
                                                {
                                                    "arg_type": 100006, 
                                                    "args_list": [], 
                                                    "sub_type": "ABILITY_OWNER"
                                                }
                                            ], 
                                            "sub_type": "UNIT_ENTITY_POINT"
                                        }
                                    ], 
                                    "bp": false, 
                                    "element_id": 378499074000057, 
                                    "enable": true, 
                                    "op_arg": [
                                        null, 
                                        {
                                            "arg_type": 100000, 
                                            "args_list": [
                                                20.0
                                            ], 
                                            "sub_type": 1
                                        }, 
                                        null, 
                                        {
                                            "arg_type": 100000, 
                                            "args_list": [
                                                2.0
                                            ], 
                                            "sub_type": 1
                                        }, 
                                        {
                                            "arg_type": 100001, 
                                            "args_list": [
                                                true
                                            ], 
                                            "sub_type": 1
                                        }
                                    ], 
                                    "op_arg_enable": [
                                        false, 
                                        true, 
                                        false, 
                                        true, 
                                        false
                                    ]
                                }, 
                                {
                                    "action_type": "PICK_UNIT_DO_ACTION", 
                                    "args_list": [
                                        {
                                            "arg_type": 100026, 
                                            "args_list": [
                                                {
                                                    "arg_type": 100004, 
                                                    "args_list": [
                                                        {
                                                            "arg_type": 100006, 
                                                            "args_list": [], 
                                                            "sub_type": "ABILITY_OWNER"
                                                        }
                                                    ], 
                                                    "sub_type": "UNIT_ENTITY_POINT"
                                                }, 
                                                {
                                                    "arg_type": 100211, 
                                                    "args_list": [
                                                        {
                                                            "arg_type": 100000, 
                                                            "args_list": [
                                                                1800.0
                                                            ], 
                                                            "sub_type": 1
                                                        }
                                                    ], 
                                                    "sub_type": "CONST_CIRCULAR_SHAPE"
                                                }
                                            ], 
                                            "op_arg": [
                                                null, 
                                                null, 
                                                null, 
                                                null, 
                                                {
                                                    "arg_type": 100003, 
                                                    "args_list": [
                                                        "\u4e3b\u89d2"
                                                    ], 
                                                    "sub_type": 1
                                                }, 
                                                null, 
                                                null, 
                                                {
                                                    "arg_type": 100006, 
                                                    "args_list": [], 
                                                    "sub_type": "ABILITY_OWNER"
                                                }, 
                                                null, 
                                                null, 
                                                null, 
                                                {
                                                    "arg_type": 100001, 
                                                    "args_list": [
                                                        true
                                                    ], 
                                                    "sub_type": 1
                                                }, 
                                                null, 
                                                null
                                            ], 
                                            "op_arg_enable": [
                                                false, 
                                                false, 
                                                false, 
                                                false, 
                                                true, 
                                                false, 
                                                false, 
                                                false, 
                                                false, 
                                                false, 
                                                false, 
                                                false, 
                                                false, 
                                                false
                                            ], 
                                            "sub_type": "UNIT_LIST_IN_SHAPE"
                                        }, 
                                        {
                                            "arg_type": 100022, 
                                            "args_list": [
                                                {
                                                    "action_type": "CREATE_STRAIGHT_MOVER", 
                                                    "args_list": [
                                                        {
                                                            "arg_type": 100006, 
                                                            "args_list": [], 
                                                            "sub_type": "FOR_EACH_SELECTED_UNIT"
                                                        }, 
                                                        {
                                                            "arg_type": 100225, 
                                                            "args_list": [
                                                                {
                                                                    "arg_type": 100004, 
                                                                    "args_list": [
                                                                        {
                                                                            "arg_type": 100006, 
                                                                            "args_list": [], 
                                                                            "sub_type": "ABILITY_OWNER"
                                                                        }
                                                                    ], 
                                                                    "sub_type": "UNIT_ENTITY_POINT"
                                                                }, 
                                                                {
                                                                    "arg_type": 100004, 
                                                                    "args_list": [
                                                                        {
                                                                            "arg_type": 100006, 
                                                                            "args_list": [], 
                                                                            "sub_type": "FOR_EACH_SELECTED_UNIT"
                                                                        }
                                                                    ], 
                                                                    "sub_type": "UNIT_ENTITY_POINT"
                                                                }
                                                            ], 
                                                            "sub_type": "GET_POINTS_ANGLE"
                                                        }, 
                                                        {
                                                            "arg_type": 100000, 
                                                            "args_list": [
                                                                1000.0
                                                            ], 
                                                            "sub_type": 1
                                                        }, 
                                                        {
                                                            "arg_type": 100000, 
                                                            "args_list": [
                                                                8000.0
                                                            ], 
                                                            "sub_type": 1
                                                        }, 
                                                        {
                                                            "arg_type": 100000, 
                                                            "args_list": [
                                                                0.0
                                                            ], 
                                                            "sub_type": 1
                                                        }, 
                                                        {
                                                            "arg_type": 100022, 
                                                            "args_list": [
                                                                {
                                                                    "action_type": "APPLY_DAMAGE", 
                                                                    "args_list": [
                                                                        {
                                                                            "arg_type": 100006, 
                                                                            "args_list": [], 
                                                                            "sub_type": "ABILITY_OWNER"
                                                                        }, 
                                                                        {
                                                                            "arg_type": 100014, 
                                                                            "args_list": [], 
                                                                            "sub_type": "CUR_ABILITY"
                                                                        }, 
                                                                        {
                                                                            "arg_type": 100006, 
                                                                            "args_list": [], 
                                                                            "sub_type": "FOR_EACH_SELECTED_UNIT"
                                                                        }, 
                                                                        {
                                                                            "arg_type": 100064, 
                                                                            "args_list": [
                                                                                1
                                                                            ], 
                                                                            "sub_type": 1
                                                                        }, 
                                                                        {
                                                                            "arg_type": 100000, 
                                                                            "args_list": [
                                                                                999.0
                                                                            ], 
                                                                            "sub_type": 1
                                                                        }, 
                                                                        {
                                                                            "arg_type": 100001, 
                                                                            "args_list": [
                                                                                true
                                                                            ], 
                                                                            "sub_type": 1
                                                                        }
                                                                    ], 
                                                                    "bp": false, 
                                                                    "element_id": 378499074000062, 
                                                                    "enable": true, 
                                                                    "op_arg": [
                                                                        {
                                                                            "arg_type": 100001, 
                                                                            "args_list": [
                                                                                true
                                                                            ], 
                                                                            "sub_type": 1
                                                                        }, 
                                                                        {
                                                                            "arg_type": 100001, 
                                                                            "args_list": [
                                                                                true
                                                                            ], 
                                                                            "sub_type": 1
                                                                        }, 
                                                                        {
                                                                            "arg_type": 100001, 
                                                                            "args_list": [
                                                                                true
                                                                            ], 
                                                                            "sub_type": 1
                                                                        }, 
                                                                        {
                                                                            "arg_type": 100066, 
                                                                            "args_list": [
                                                                                100112
                                                                            ], 
                                                                            "sub_type": 1
                                                                        }, 
                                                                        null, 
                                                                        null
                                                                    ], 
                                                                    "op_arg_enable": [
                                                                        false, 
                                                                        false, 
                                                                        false, 
                                                                        false, 
                                                                        false, 
                                                                        false
                                                                    ]
                                                                }
                                                            ], 
                                                            "sub_type": 1
                                                        }, 
                                                        {
                                                            "arg_type": 100022, 
                                                            "args_list": [], 
                                                            "sub_type": 1
                                                        }, 
                                                        {
                                                            "arg_type": 100022, 
                                                            "args_list": [], 
                                                            "sub_type": 1
                                                        }, 
                                                        {
                                                            "arg_type": 100022, 
                                                            "args_list": [], 
                                                            "sub_type": 1
                                                        }, 
                                                        {
                                                            "arg_type": 100022, 
                                                            "args_list": [], 
                                                            "sub_type": 1
                                                        }
                                                    ], 
                                                    "bp": false, 
                                                    "element_id": 378499074000188, 
                                                    "enable": true, 
                                                    "fake_op": [], 
                                                    "local_var": [
                                                        {}, 
                                                        {}
                                                    ], 
                                                    "op_arg": [
                                                        null, 
                                                        null, 
                                                        null, 
                                                        null, 
                                                        null, 
                                                        null, 
                                                        null, 
                                                        {
                                                            "arg_type": 100001, 
                                                            "args_list": [
                                                                true
                                                            ], 
                                                            "sub_type": 1
                                                        }, 
                                                        {
                                                            "arg_type": 100001, 
                                                            "args_list": [
                                                                true
                                                            ], 
                                                            "sub_type": 1
                                                        }, 
                                                        {
                                                            "arg_type": 100001, 
                                                            "args_list": [
                                                                true
                                                            ], 
                                                            "sub_type": 1
                                                        }, 
                                                        null, 
                                                        {
                                                            "arg_type": 100001, 
                                                            "args_list": [
                                                                true
                                                            ], 
                                                            "sub_type": 1
                                                        }, 
                                                        null, 
                                                        null, 
                                                        null, 
                                                        null
                                                    ], 
                                                    "op_arg_enable": [
                                                        false, 
                                                        false, 
                                                        false, 
                                                        false, 
                                                        false, 
                                                        false, 
                                                        false, 
                                                        false, 
                                                        false, 
                                                        false, 
                                                        false, 
                                                        false, 
                                                        false, 
                                                        false, 
                                                        false, 
                                                        false
                                                    ]
                                                }, 
                                                {
                                                    "action_type": "DISPLAY_INFO_TO_PLAYER", 
                                                    "args_list": [
                                                        {
                                                            "arg_type": 100025, 
                                                            "args_list": [
                                                                1
                                                            ], 
                                                            "sub_type": 1
                                                        }, 
                                                        {
                                                            "arg_type": 100003, 
                                                            "args_list": [
                                                                "\u9020\u6210\u4f24\u5bb3"
                                                            ], 
                                                            "sub_type": 1
                                                        }, 
                                                        {
                                                            "arg_type": 100001, 
                                                            "args_list": [
                                                                false
                                                            ], 
                                                            "sub_type": 1
                                                        }
                                                    ], 
                                                    "bp": false, 
                                                    "element_id": 378499074000077, 
                                                    "enable": true
                                                }
                                            ], 
                                            "sub_type": 1
                                        }
                                    ], 
                                    "bp": false, 
                                    "element_id": 378499074000009, 
                                    "enable": true
                                }
                            ], 
                            "sub_type": 1
                        }
                    ], 
                    "bp": false, 
                    "element_id": 378499074000143, 
                    "enable": true, 
                    "local_var": [
                        {}, 
                        {}
                    ]
                }
            ], 
            "call_enabled": true, 
            "condition": [], 
            "enabled": true, 
            "event": [
                {
                    "args_list": [], 
                    "element_id": 378499074000003, 
                    "enable": true, 
                    "event_type": "ABILITY_PS_END"
                }
            ], 
            "group_id": 134269242, 
            "p_trigger_id": null, 
            "trigger_id": 378499074, 
            "trigger_name": "\u65b0\u5efa\u89e6\u53d1\u5668_2", 
            "valid": true
        }, 
        "1720680451": {
            "action": [], 
            "call_enabled": true, 
            "condition": [], 
            "enabled": true, 
            "event": [], 
            "group_id": 134269242, 
            "p_trigger_id": null, 
            "trigger_id": 1720680451, 
            "trigger_name": "\u65b0\u5efa\u89e6\u53d1\u5668_3", 
            "valid": true
        }, 
        "2056216577": {
            "action": [
                {
                    "action_type": "CREATE_SFX_ON_UNIT_NEW", 
                    "args_list": [
                        {
                            "arg_type": 100066, 
                            "args_list": [
                                101748
                            ], 
                            "sub_type": 1
                        }, 
                        {
                            "arg_type": 100006, 
                            "args_list": [], 
                            "sub_type": "ABILITY_OWNER"
                        }, 
                        {
                            "arg_type": 100003, 
                            "args_list": [
                                "buff"
                            ], 
                            "sub_type": 1
                        }, 
                        {
                            "arg_type": 500220, 
                            "args_list": [
                                2
                            ], 
                            "sub_type": 1
                        }, 
                        {
                            "arg_type": 100001, 
                            "args_list": [
                                false
                            ], 
                            "sub_type": 1
                        }
                    ], 
                    "bp": false, 
                    "element_id": 2056216577000150, 
                    "enable": true, 
                    "op_arg": [
                        {
                            "arg_type": 100000, 
                            "args_list": [
                                2.0
                            ], 
                            "sub_type": 1
                        }, 
                        {
                            "arg_type": 100000, 
                            "args_list": [
                                2.0
                            ], 
                            "sub_type": 1
                        }, 
                        null, 
                        {
                            "arg_type": 100001, 
                            "args_list": [
                                true
                            ], 
                            "sub_type": 1
                        }
                    ], 
                    "op_arg_enable": [
                        true, 
                        true, 
                        false, 
                        false
                    ]
                }, 
                {
                    "action_type": "PICK_UNIT_DO_ACTION", 
                    "args_list": [
                        {
                            "arg_type": 100026, 
                            "args_list": [
                                {
                                    "arg_type": 100004, 
                                    "args_list": [
                                        {
                                            "arg_type": 100006, 
                                            "args_list": [], 
                                            "sub_type": "ABILITY_OWNER"
                                        }
                                    ], 
                                    "sub_type": "UNIT_ENTITY_POINT"
                                }, 
                                {
                                    "arg_type": 100211, 
                                    "args_list": [
                                        {
                                            "arg_type": 100000, 
                                            "args_list": [
                                                2000.0
                                            ], 
                                            "sub_type": 1
                                        }
                                    ], 
                                    "sub_type": "CONST_CIRCULAR_SHAPE"
                                }
                            ], 
                            "op_arg": [
                                null, 
                                null, 
                                null, 
                                null, 
                                null, 
                                null, 
                                null, 
                                {
                                    "arg_type": 100006, 
                                    "args_list": [], 
                                    "sub_type": "ABILITY_OWNER"
                                }, 
                                null, 
                                null, 
                                null, 
                                {
                                    "arg_type": 100001, 
                                    "args_list": [
                                        true
                                    ], 
                                    "sub_type": 1
                                }, 
                                null, 
                                null
                            ], 
                            "op_arg_enable": [
                                false, 
                                false, 
                                false, 
                                false, 
                                false, 
                                false, 
                                false, 
                                true, 
                                false, 
                                false, 
                                false, 
                                false, 
                                false, 
                                false
                            ], 
                            "sub_type": "UNIT_LIST_IN_SHAPE"
                        }, 
                        {
                            "arg_type": 100022, 
                            "args_list": [
                                {
                                    "action_type": "CREATE_ROUND_MOVER", 
                                    "args_list": [
                                        {
                                            "arg_type": 100006, 
                                            "args_list": [], 
                                            "sub_type": "FOR_EACH_SELECTED_UNIT"
                                        }, 
                                        {
                                            "arg_type": 100006, 
                                            "args_list": [], 
                                            "sub_type": "ABILITY_OWNER"
                                        }, 
                                        {
                                            "arg_type": 100000, 
                                            "args_list": [
                                                2000.0
                                            ], 
                                            "sub_type": 1
                                        }, 
                                        {
                                            "arg_type": 100000, 
                                            "args_list": [
                                                500.0
                                            ], 
                                            "sub_type": 1
                                        }, 
                                        {
                                            "arg_type": 100022, 
                                            "args_list": [
                                                {
                                                    "action_type": "CREATE_SFX_ON_POINT", 
                                                    "args_list": [
                                                        {
                                                            "arg_type": 100066, 
                                                            "args_list": [
                                                                100230
                                                            ], 
                                                            "sub_type": 1
                                                        }, 
                                                        {
                                                            "arg_type": 100004, 
                                                            "args_list": [
                                                                {
                                                                    "arg_type": 100006, 
                                                                    "args_list": [], 
                                                                    "sub_type": "ABILITY_OWNER"
                                                                }
                                                            ], 
                                                            "sub_type": "UNIT_ENTITY_POINT"
                                                        }
                                                    ], 
                                                    "bp": false, 
                                                    "element_id": 2056216577000157, 
                                                    "enable": true, 
                                                    "op_arg": [
                                                        null, 
                                                        {
                                                            "arg_type": 100000, 
                                                            "args_list": [
                                                                21.0
                                                            ], 
                                                            "sub_type": 1
                                                        }, 
                                                        null, 
                                                        {
                                                            "arg_type": 100000, 
                                                            "args_list": [
                                                                0.1
                                                            ], 
                                                            "sub_type": 1
                                                        }, 
                                                        {
                                                            "arg_type": 100001, 
                                                            "args_list": [
                                                                true
                                                            ], 
                                                            "sub_type": 1
                                                        }
                                                    ], 
                                                    "op_arg_enable": [
                                                        false, 
                                                        true, 
                                                        false, 
                                                        true, 
                                                        false
                                                    ]
                                                }
                                            ], 
                                            "sub_type": 1
                                        }, 
                                        {
                                            "arg_type": 100022, 
                                            "args_list": [], 
                                            "sub_type": 1
                                        }, 
                                        {
                                            "arg_type": 100022, 
                                            "args_list": [], 
                                            "sub_type": 1
                                        }, 
                                        {
                                            "arg_type": 100022, 
                                            "args_list": [], 
                                            "sub_type": 1
                                        }, 
                                        {
                                            "arg_type": 100022, 
                                            "args_list": [], 
                                            "sub_type": 1
                                        }
                                    ], 
                                    "bp": false, 
                                    "element_id": 2056216577000073, 
                                    "enable": true, 
                                    "fake_op": [], 
                                    "local_var": [
                                        {}, 
                                        {}
                                    ], 
                                    "op_arg": [
                                        null, 
                                        null, 
                                        {
                                            "arg_type": 100000, 
                                            "args_list": [
                                                2.0
                                            ], 
                                            "sub_type": 1
                                        }, 
                                        {
                                            "arg_type": 100000, 
                                            "args_list": [
                                                -1000.0
                                            ], 
                                            "sub_type": 1
                                        }, 
                                        null, 
                                        {
                                            "arg_type": 100000, 
                                            "args_list": [
                                                10.0
                                            ], 
                                            "sub_type": 1
                                        }, 
                                        null, 
                                        null, 
                                        {
                                            "arg_type": 100001, 
                                            "args_list": [
                                                true
                                            ], 
                                            "sub_type": 1
                                        }, 
                                        {
                                            "arg_type": 100001, 
                                            "args_list": [
                                                true
                                            ], 
                                            "sub_type": 1
                                        }, 
                                        {
                                            "arg_type": 100001, 
                                            "args_list": [
                                                true
                                            ], 
                                            "sub_type": 1
                                        }, 
                                        null, 
                                        {
                                            "arg_type": 100001, 
                                            "args_list": [
                                                true
                                            ], 
                                            "sub_type": 1
                                        }, 
                                        null, 
                                        null, 
                                        null, 
                                        null
                                    ], 
                                    "op_arg_enable": [
                                        false, 
                                        false, 
                                        true, 
                                        true, 
                                        false, 
                                        true, 
                                        false, 
                                        false, 
                                        false, 
                                        false, 
                                        false, 
                                        false, 
                                        false, 
                                        false, 
                                        false, 
                                        false, 
                                        false
                                    ]
                                }
                            ], 
                            "sub_type": 1
                        }
                    ], 
                    "bp": false, 
                    "element_id": 2056216577000007, 
                    "enable": true
                }
            ], 
            "call_enabled": true, 
            "condition": [], 
            "enabled": true, 
            "event": [
                {
                    "args_list": [], 
                    "element_id": 2056216577000002, 
                    "enable": true, 
                    "event_type": "ABILITY_PS_START"
                }
            ], 
            "group_id": 134269242, 
            "p_trigger_id": null, 
            "trigger_id": 2056216577, 
            "trigger_name": "\u65b0\u5efa\u89e6\u53d1\u5668", 
            "valid": true
        }
    }, 
    "trigger_group_info": [
        {
            "_trigger_group_": true, 
            "group": [
                [
                    2056216577, 
                    "\u65b0\u5efa\u89e6\u53d1\u5668"
                ], 
                [
                    378499074, 
                    "\u65b0\u5efa\u89e6\u53d1\u5668_2"
                ], 
                [
                    1720680451, 
                    "\u65b0\u5efa\u89e6\u53d1\u5668_3"
                ]
            ], 
            "key": 134269242, 
            "name": "134269242"
        }
    ], 
    "trigger_version": "1.2", 
    "variable_dict": {}, 
    "variable_group_info": [], 
    "variable_length_dict": {}
}