{
    "conf": {
        "1599500829": [], 
        "1871316445": [
            [
                "\u6280\u80fd\u503c", 
                100002
            ]
        ], 
        "1938284245": []
    }, 
    "group_info": [
        {
            "__tuple__": true, 
            "items": [
                1871316445, 
                "\u4f20\u53c2"
            ]
        }, 
        {
            "__tuple__": true, 
            "items": [
                1599500829, 
                "bossSummon"
            ]
        }, 
        {
            "__tuple__": true, 
            "items": [
                1938284245, 
                "bossHalfHp"
            ]
        }
    ]
}