{
    "1024": {
        "10001": [
            10001, 
            "\u70b9", 
            -421980536832, 
            103079215104, 
            336081190912, 
            true
        ], 
        "10028": [
            10028, 
            "\u70b9", 
            -773009931921, 
            0, 
            288349071868, 
            true
        ], 
        "10031": [
            10031, 
            "\u70b9", 
            -337605885952, 
            103079215104, 
            337249959936, 
            true
        ]
    }, 
    "2048": {
        "10003": [
            10003, 
            "spawn", 
            -408186126336, 
            111669149696, 
            353518862336, 
            40095842304, 
            -39539277824, 
            0, 
            null, 
            {
                "__tuple__": true, 
                "items": [
                    0, 
                    152, 
                    254, 
                    30
                ]
            }
        ], 
        "10032": [
            10032, 
            "\u5237\u602a\u70b9", 
            -264419958784, 
            0, 
            546487492608, 
            816237166592, 
            -1100215418880, 
            0, 
            null, 
            null
        ], 
        "10033": [
            10033, 
            "\u8349", 
            -537992413184, 
            103079215104, 
            534698409984, 
            1070155071488, 
            -1074537299968, 
            0, 
            null, 
            null
        ], 
        "10034": [
            10034, 
            "\u6700\u5927", 
            -513367179264, 
            103079215104, 
            215276355584, 
            1027082158080, 
            -727234150400, 
            0, 
            null, 
            null
        ], 
        "10035": [
            10035, 
            "\u4e2d", 
            -262774325248, 
            103079215104, 
            523852939264, 
            777179758592, 
            -305127161856, 
            0, 
            null, 
            null
        ], 
        "10036": [
            10036, 
            "\u5c0f", 
            -511723192320, 
            103079215104, 
            517139120128, 
            250720583680, 
            -138550018048, 
            0, 
            null, 
            null
        ]
    }, 
    "4096": {
        "10000": [
            10000, 
            "\u5706\u5f62\u533a\u57df", 
            -498935693312, 
            111669149696, 
            202760814592, 
            24916866499, 
            0, 
            null, 
            null
        ]
    }, 
    "8192": {}, 
    "32768": {
        "9999": {
            "camera_dist": 30.0, 
            "far": 1000.0, 
            "focus_max_dist": 400.0, 
            "focus_min_dist": 10.0, 
            "focus_x": 0.0, 
            "focus_y": 0.0, 
            "focus_z": 0.0, 
            "fov": 35.0, 
            "fov_disabled": true, 
            "id": 9999, 
            "is_origin_cam": true, 
            "is_ortho": false, 
            "name": "\u521d\u59cb\u955c\u5934", 
            "pitch": 0.9773843811168246, 
            "roll": 0.0, 
            "set_camera_conf_realtime": null, 
            "type": 32768, 
            "yaw": 0.0
        }, 
        "10004": {
            "camera_dist": 17.999934510577216, 
            "far": 1000.0, 
            "focus_max_dist": null, 
            "focus_min_dist": null, 
            "focus_x": -179.61204528808594, 
            "focus_y": 0.0, 
            "focus_z": 56.50260925292969, 
            "fov": 20.0, 
            "fov_disabled": null, 
            "id": 10004, 
            "is_origin_cam": false, 
            "is_ortho": null, 
            "name": "\u955c\u5934", 
            "pitch": 0.08938441586520109, 
            "roll": 0.0, 
            "set_camera_conf_realtime": false, 
            "type": 32768, 
            "yaw": 6.256785237085266
        }
    }, 
    "65536": {}, 
    "131072": {
        "10026": [
            10026, 
            "\u70b9\u5149\u6e90", 
            {
                "auto_on_terrain": false, 
                "delay_add_tree": true, 
                "entity_id": null, 
                "light_cast_shadow": false, 
                "light_color": {
                    "__tuple__": true, 
                    "items": [
                        1.0, 
                        1.0, 
                        1.0
                    ]
                }, 
                "light_intensity": 50.0, 
                "light_range": 2.7737, 
                "name": "\u70b9\u5149\u6e90", 
                "offset": {
                    "__tuple__": true, 
                    "items": [
                        0, 
                        0, 
                        0
                    ]
                }, 
                "pitch": 0.0, 
                "pos": {
                    "__tuple__": true, 
                    "items": [
                        -179.96571350097656, 
                        1.2200286388397217, 
                        68.27799987792969
                    ]
                }, 
                "relative_height": 0, 
                "roll": 0.0, 
                "scale": {
                    "__tuple__": true, 
                    "items": [
                        1.0, 
                        1.0, 
                        1.0
                    ]
                }, 
                "set_pick_top": false, 
                "type": 131072, 
                "use_lumens": true, 
                "yaw": -0.0
            }
        ]
    }, 
    "262144": {
        "10024": [
            10024, 
            "\u805a\u5149\u706f", 
            {
                "auto_on_terrain": false, 
                "delay_add_tree": true, 
                "entity_id": null, 
                "light_cast_shadow": false, 
                "light_color": {
                    "__tuple__": true, 
                    "items": [
                        1.0, 
                        1.0, 
                        1.0
                    ]
                }, 
                "light_inner_angle": 107.0, 
                "light_intensity": 10000.0, 
                "light_out_angle": 112.0, 
                "light_range": 1.0, 
                "name": "\u805a\u5149\u706f", 
                "offset": {
                    "__tuple__": true, 
                    "items": [
                        0, 
                        0.2, 
                        0
                    ]
                }, 
                "pitch": 0.7853981633974485, 
                "pos": {
                    "__tuple__": true, 
                    "items": [
                        -179.99700927734375, 
                        1.3700165748596191, 
                        64.7825927734375
                    ]
                }, 
                "relative_height": 0.2, 
                "roll": 0.7853981633974483, 
                "type": 262144, 
                "use_lumens": true, 
                "yaw": -2.178149075657181
            }
        ], 
        "10029": [
            10029, 
            "\u805a\u5149\u706f", 
            {
                "auto_on_terrain": false, 
                "delay_add_tree": true, 
                "entity_id": null, 
                "light_cast_shadow": false, 
                "light_color": {
                    "__tuple__": true, 
                    "items": [
                        1.0, 
                        1.0, 
                        1.0
                    ]
                }, 
                "light_inner_angle": 60.0, 
                "light_intensity": 200.0, 
                "light_out_angle": 90.0, 
                "light_range": 13.2684, 
                "name": "\u805a\u5149\u706f", 
                "offset": {
                    "__tuple__": true, 
                    "items": [
                        0, 
                        0.2, 
                        0
                    ]
                }, 
                "pitch": 0.0, 
                "pos": {
                    "__tuple__": true, 
                    "items": [
                        -179.7768096923828, 
                        3.2083241939544678, 
                        66.45626831054688
                    ]
                }, 
                "relative_height": 0.2, 
                "roll": 0.0, 
                "type": 262144, 
                "use_lumens": true, 
                "yaw": 6.28318534232676
            }
        ]
    }, 
    "1048576": {}, 
    "2097152": {}, 
    "4194304": {}
}