{
    "2": {
        "anim_name": "\u5199\u7740\u73a9\u7684", 
        "dt": [
            {
                "dt": [
                    {
                        "dt": {
                            "0": {
                                "val": [
                                    50.02600183394301, 
                                    72.43293246993524, 
                                    962.0, 
                                    783.0
                                ]
                            }
                        }, 
                        "tp": 1
                    }, 
                    {
                        "dt": {
                            "0": {
                                "val": {
                                    "__tuple__": true, 
                                    "items": [
                                        384.0, 
                                        144.0
                                    ]
                                }
                            }
                        }, 
                        "tp": 9
                    }, 
                    {
                        "dt": {
                            "0": {
                                "val": 0
                            }
                        }, 
                        "tp": 3
                    }, 
                    {
                        "dt": {
                            "0": {
                                "val": 1.0
                            }
                        }, 
                        "tp": 4
                    }, 
                    {
                        "dt": {
                            "0": {
                                "val": {
                                    "__tuple__": true, 
                                    "items": [
                                        1, 
                                        1
                                    ]
                                }
                            }, 
                            "30": {
                                "val": {
                                    "__tuple__": true, 
                                    "items": [
                                        0.9, 
                                        0.9
                                    ]
                                }
                            }, 
                            "60": {
                                "val": {
                                    "__tuple__": true, 
                                    "items": [
                                        1, 
                                        1
                                    ]
                                }
                            }
                        }, 
                        "tp": 2
                    }, 
                    {
                        "dt": {
                            "0": {
                                "val": true
                            }
                        }, 
                        "tp": 5
                    }
                ], 
                "enabled": true, 
                "name": "6ffa1f50-378b-4e2d-97f2-41bb41811d84"
            }
        ], 
        "event_data": {}, 
        "f_rt": 30, 
        "group": "panel_1", 
        "lp": false, 
        "max_frame": 100
    }
}