{
    "unit": {
        "1": {
            "components": {
                "__attr": {
                    "hp_percent": 100, 
                    "level": 1, 
                    "mp_percent": 100
                }, 
                "ability": {
                    "1_1": [
                        201347498, 
                        1
                    ]
                }, 
                "camp": {
                    "role_id": 1
                }, 
                "display": {
                    "real_scale": [
                        1.0, 
                        1.0, 
                        1.0
                    ]
                }, 
                "drop_item": null, 
                "item": {}, 
                "movement": {
                    "pitch": {
                        "__tuple__": true, 
                        "items": [
                            0, 
                            0
                        ]
                    }, 
                    "position": {
                        "__tuple__": true, 
                        "items": [
                            [
                                -99, 
                                3221225472
                            ], 
                            [
                                0, 
                                0
                            ], 
                            [
                                78, 
                                1073741824
                            ]
                        ]
                    }, 
                    "roll": {
                        "__tuple__": true, 
                        "items": [
                            0, 
                            0
                        ]
                    }, 
                    "yaw": {
                        "__tuple__": true, 
                        "items": [
                            1, 
                            2451551594
                        ]
                    }
                }
            }, 
            "entity_id": 134269230, 
            "name": "\u9b54\u6cd5\u7194\u7089", 
            "type": 2, 
            "unit_id": 1
        }, 
        "2": {
            "components": {
                "__attr": {
                    "hp_percent": 100, 
                    "level": 1, 
                    "mp_percent": 100
                }, 
                "ability": {
                    "1_1": [
                        201347498, 
                        1
                    ]
                }, 
                "camp": {
                    "role_id": 1
                }, 
                "display": {
                    "real_scale": [
                        1.0, 
                        1.0, 
                        1.0
                    ]
                }, 
                "drop_item": null, 
                "item": {}, 
                "movement": {
                    "pitch": {
                        "__tuple__": true, 
                        "items": [
                            0, 
                            0
                        ]
                    }, 
                    "position": {
                        "__tuple__": true, 
                        "items": [
                            [
                                -88, 
                                3221225472
                            ], 
                            [
                                0, 
                                0
                            ], 
                            [
                                78, 
                                3221225472
                            ]
                        ]
                    }, 
                    "roll": {
                        "__tuple__": true, 
                        "items": [
                            0, 
                            0
                        ]
                    }, 
                    "yaw": {
                        "__tuple__": true, 
                        "items": [
                            -1, 
                            761757933
                        ]
                    }
                }
            }, 
            "entity_id": 134272879, 
            "name": "\u5999\u5999\u5de5\u5177\u7bb1", 
            "type": 2, 
            "unit_id": 2
        }, 
        "7": {
            "components": {
                "__attr": {
                    "hp_percent": 100, 
                    "level": 1, 
                    "mp_percent": 100
                }, 
                "ability": {
                    "1_1": [
                        201347498, 
                        1
                    ]
                }, 
                "camp": {
                    "role_id": 1
                }, 
                "display": {
                    "real_scale": [
                        1.0, 
                        1.0, 
                        1.0
                    ]
                }, 
                "drop_item": null, 
                "item": {}, 
                "movement": {
                    "pitch": {
                        "__tuple__": true, 
                        "items": [
                            0, 
                            0
                        ]
                    }, 
                    "position": {
                        "__tuple__": true, 
                        "items": [
                            [
                                -88, 
                                1073741824
                            ], 
                            [
                                0, 
                                0
                            ], 
                            [
                                72, 
                                1073741824
                            ]
                        ]
                    }, 
                    "roll": {
                        "__tuple__": true, 
                        "items": [
                            0, 
                            0
                        ]
                    }, 
                    "yaw": {
                        "__tuple__": true, 
                        "items": [
                            -1, 
                            1667313300
                        ]
                    }
                }
            }, 
            "entity_id": 134279029, 
            "name": "\u706f", 
            "type": 2, 
            "unit_id": 7
        }, 
        "11": {
            "components": {
                "__attr": {
                    "hp_percent": 100, 
                    "level": 1, 
                    "mp_percent": 100
                }, 
                "ability": {
                    "1_1": [
                        201347498, 
                        1
                    ]
                }, 
                "camp": {
                    "role_id": 1
                }, 
                "display": {
                    "real_scale": [
                        1.0, 
                        1.0, 
                        1.0
                    ]
                }, 
                "drop_item": null, 
                "item": {}, 
                "movement": {
                    "pitch": {
                        "__tuple__": true, 
                        "items": [
                            0, 
                            0
                        ]
                    }, 
                    "position": {
                        "__tuple__": true, 
                        "items": [
                            [
                                -90, 
                                1073741824
                            ], 
                            [
                                0, 
                                0
                            ], 
                            [
                                84, 
                                1073741824
                            ]
                        ]
                    }, 
                    "roll": {
                        "__tuple__": true, 
                        "items": [
                            0, 
                            0
                        ]
                    }, 
                    "yaw": {
                        "__tuple__": true, 
                        "items": [
                            -1, 
                            134376014
                        ]
                    }
                }
            }, 
            "entity_id": 134247261, 
            "name": "\u6743\u7528\u8def\u6807\u5f53\u4fe1\u7bb1", 
            "type": 2, 
            "unit_id": 11
        }
    }
}